LABEL,ID,TRACK_ID,QUALITY,POSITION_X,POSITION_Y,POSITION_Z,POSITION_T,FRAME,RADIUS,VISIBILITY,MANUAL_SPOT_COLOR,MEAN_INTENSITY_CH1,MEDIAN_INTENSITY_CH1,MIN_INTENSITY_CH1,MAX_INTENSITY_CH1,TOTAL_INTENSITY_CH1,STD_INTENSITY_CH1,CONTRAST_CH1,SNR_CH1,ELLIPSE_X0,ELLIPSE_Y0,ELLIPSE_MAJOR,ELLIPSE_MINOR,ELLIPSE_THETA,ELLIPSE_ASPECTRATIO,AREA,PERIMETER,CIRCULARITY,SOLIDITY,SHAPE_INDEX
Label,Spot ID,Track ID,Quality,X,Y,Z,T,Frame,Radius,Visibility,Manual spot color,Mean intensity ch1,Median intensity ch1,Min intensity ch1,Max intensity ch1,Sum intensity ch1,Std intensity ch1,Contrast ch1,Signal/Noise ratio ch1,Ellipse center x0,Ellipse center y0,Ellipse long axis,Ellipse short axis,Ellipse angle,Ellipse aspect ratio,Area,Perimeter,Circularity,Solidity,Shape index
Label,Spot ID,Track ID,Quality,X,Y,Z,T,Frame,R,Visibility,Spot color,Mean ch1,Median ch1,Min ch1,Max ch1,Sum ch1,Std ch1,Ctrst ch1,SNR ch1,El. x0,El. y0,El. long axis,El. sh. axis,El. angle,El. a.r.,Area,Perim.,Circ.,Solidity,Shape index
,,,(quality),(micron),(micron),(micron),(sec),,(micron),,,(counts),(counts),(counts),(counts),(counts),(counts),,,(micron),(micron),(micron),(micron),(radians),,(micron^2),(micron),,,
ID2016,2016,0,-1.0,1237.0262094323903,497.87646366012814,0.0,342417.09661865234,817,5.0,0,,40.10077519379845,40.0,0.0,123.0,5173.0,23.475334449574504,0.2860216859559649,0.759839113677945,0.0,0.0,5.0,5.0,0.0,1.0,78.53981633974483,31.41592653589793,1.0,1.0,3.5449077018110318
ID2008,2008,0,-1.0,1029.3129774365977,415.0121423852108,0.0,72926.04016113281,174,5.0,0,,101.51162790697674,104.0,0.0,255.0,13095.0,67.53912249104563,0.7295262623511057,1.267955886135928,0.0,0.0,5.0,5.0,0.0,1.0,78.53981633974483,31.41592653589793,1.0,1.0,3.5449077018110318
ID2010,2010,0,-1.0,1032.6275502875944,413.9072847682119,0.0,73345.15533447266,175,5.0,0,,59.2093023255814,30.0,0.0,255.0,7638.0,65.6344843644764,0.7599876452873758,0.7790848779510015,0.0,0.0,5.0,5.0,0.0,1.0,78.53981633974483,31.41592653589793,1.0,1.0,3.5449077018110318
ID2012,2012,0,-1.0,1042.5712688405845,409.4878543002163,0.0,73345.15533447266,175,5.0,0,,60.604651162790695,43.0,0.0,255.0,7818.0,57.97769218154233,0.21201730965594054,0.36571057971258825,0.0,0.0,5.0,5.0,0.0,1.0,78.53981633974483,31.41592653589793,1.0,1.0,3.5449077018110318
ID2004,2004,0,-1.0,992.8526760756341,601.7330796580244,0.0,0.0,0,5.0,0,,37.57364341085271,35.0,1.0,79.0,4847.0,16.429667903007072,0.343083767708159,1.1683732105669185,0.0,0.0,5.0,5.0,0.0,1.0,78.53981633974483,31.41592653589793,1.0,1.0,3.5449077018110318
ID2035,2035,1,-1.0,1038.1518383725888,475.7793113201501,0.0,68734.88842773438,164,5.0,0,,129.51162790697674,112.0,0.0,255.0,16707.0,104.63172889645116,0.71350340623146,1.0308285424067578,0.0,0.0,5.0,5.0,0.0,1.0,78.53981633974483,31.41592653589793,1.0,1.0,3.5449077018110318
ID2037,2037,1,-1.0,1038.1518383725888,483.51331463914244,0.0,69154.00360107422,165,5.0,0,,99.27131782945736,60.0,0.0,255.0,12806.0,85.55843689567386,0.5714226970195205,0.8438308641891691,0.0,0.0,5.0,5.0,0.0,1.0,78.53981633974483,31.41592653589793,1.0,1.0,3.5449077018110318
ID2039,2039,1,-1.0,1041.4664112235855,470.25502323515565,0.0,69154.00360107422,165,5.0,0,,83.33333333333333,30.0,0.0,255.0,10750.0,96.91534106287477,0.7897943640517897,0.7588695296760746,0.0,0.0,5.0,5.0,0.0,1.0,78.53981633974483,31.41592653589793,1.0,1.0,3.5449077018110318
ID2043,2043,1,-1.0,837.0677520787896,548.6999140420774,0.0,342417.09661865234,817,5.0,0,,60.06201550387597,60.0,0.0,165.0,7748.0,42.78046281927076,0.45476771639388136,0.8777693070933386,0.0,0.0,5.0,5.0,0.0,1.0,78.53981633974483,31.41592653589793,1.0,1.0,3.5449077018110318
ID3052,3052,1,-1.0,1145.5967114174484,469.80717636902864,0.0,0.0,0,5.0,1,,56.23255813953488,54.0,0.0,140.0,7254.0,31.94318971527494,0.3707059338790518,0.9521925971997739,0.0,0.0,5.0,5.0,0.0,1.0,78.53981633974483,31.41592653589793,1.0,1.0,3.5449077018110318
ID2046,2046,1,-1.0,858.0600468017686,610.5719405940157,0.0,342417.09661865234,817,5.0,0,,66.18604651162791,66.0,0.0,157.0,8538.0,40.64014476203387,0.4747688989494937,1.048574955884506,0.0,0.0,5.0,5.0,0.0,1.0,78.53981633974483,31.41592653589793,1.0,1.0,3.5449077018110318
ID2081,2081,3,-1.0,723.2674175279031,489.0376027241369,0.0,93881.798828125,224,5.0,0,,45.55813953488372,25.0,0.0,246.0,5877.0,51.89350678564351,0.7454638518100754,0.7498919407075596,0.0,0.0,5.0,5.0,0.0,1.0,78.53981633974483,31.41592653589793,1.0,1.0,3.5449077018110318
ID2083,2083,3,-1.0,725.477132761901,476.884168937149,0.0,93881.798828125,224,5.0,0,,45.64341085271318,25.0,0.0,247.0,5888.0,53.512381518441074,0.614865685468209,0.6495276713271088,0.0,0.0,5.0,5.0,0.0,1.0,78.53981633974483,31.41592653589793,1.0,1.0,3.5449077018110318
ID2070,2070,3,-1.0,577.4262120840488,352.03525821627363,0.0,0.0,0,5.0,0,,39.945736434108525,38.0,0.0,112.0,5153.0,22.70163474204535,0.626148936304142,1.3550665467644234,0.0,0.0,5.0,5.0,0.0,1.0,78.53981633974483,31.41592653589793,1.0,1.0,3.5449077018110318
ID2086,2086,3,-1.0,890.1009176947367,511.13475506411487,0.0,342417.09661865234,817,5.0,0,,43.34108527131783,39.0,0.0,110.0,5591.0,21.35653300369666,0.18568837310038627,0.6356428649799836,0.0,0.0,5.0,5.0,0.0,1.0,78.53981633974483,31.41592653589793,1.0,1.0,3.5449077018110318
ID2079,2079,3,-1.0,725.477132761901,481.30359940514467,0.0,93462.68365478516,223,5.0,0,,78.0,75.0,0.0,255.0,10062.0,49.68761792438836,0.8393226716839135,1.4326742393063159,0.0,0.0,5.0,5.0,0.0,1.0,78.53981633974483,31.41592653589793,1.0,1.0,3.5449077018110318
ID2112,2112,4,-1.0,784.0345864628424,806.1317388028205,0.0,66639.31256103516,159,5.0,0,,54.35658914728682,24.0,0.0,255.0,7012.0,64.27769325959973,0.6229018633586251,0.6491563073029059,0.0,0.0,5.0,5.0,0.0,1.0,78.53981633974483,31.41592653589793,1.0,1.0,3.5449077018110318
ID2145,2145,4,-1.0,835.9628944617907,153.16088715647214,0.0,342417.09661865234,817,5.0,0,,33.96124031007752,27.0,0.0,112.0,4381.0,28.138442093506388,0.37332045541799935,0.6561806024366426,0.0,0.0,5.0,5.0,0.0,1.0,78.53981633974483,31.41592653589793,1.0,1.0,3.5449077018110318
ID2147,2147,4,-1.0,826.0191759088007,201.77462230442362,0.0,342417.09661865234,817,5.0,0,,28.46511627906977,27.0,0.0,92.0,3672.0,22.704296988547917,0.45460292074850306,0.7836509515189426,0.0,0.0,5.0,5.0,0.0,1.0,78.53981633974483,31.41592653589793,1.0,1.0,3.5449077018110318
ID2118,2118,4,-1.0,606.15251012602,913.3029276517135,0.0,176028.37280273438,420,5.0,0,,88.71317829457364,54.0,0.0,255.0,11444.0,85.83616241480495,0.8457799272359461,0.9471642483168344,0.0,0.0,5.0,5.0,0.0,1.0,78.53981633974483,31.41592653589793,1.0,1.0,3.5449077018110318
ID2150,2150,4,-1.0,930.9806495236958,423.851003321202,0.0,279968.9357910156,668,5.0,0,,64.25581395348837,46.0,0.0,220.0,8289.0,56.77742716489641,0.6802886073369729,0.9163809056122465,0.0,0.0,5.0,5.0,0.0,1.0,78.53981633974483,31.41592653589793,1.0,1.0,3.5449077018110318
ID2120,2120,4,-1.0,599.5233644240267,916.6175005027102,0.0,176447.48797607422,421,5.0,0,,56.74418604651163,24.0,0.0,255.0,7320.0,67.15668235898134,0.5266685248588676,0.5829814631230468,0.0,0.0,5.0,5.0,0.0,1.0,78.53981633974483,31.41592653589793,1.0,1.0,3.5449077018110318
ID2152,2152,4,-1.0,926.5612190557003,429.3752914061964,0.0,280388.05096435547,669,5.0,0,,36.75968992248062,12.0,0.0,209.0,4742.0,51.39397082735581,0.45908408715591076,0.4500922963457787,0.0,0.0,5.0,5.0,0.0,1.0,78.53981633974483,31.41592653589793,1.0,1.0,3.5449077018110318
ID2154,2154,4,-1.0,933.1903647576937,420.5364304702053,0.0,280388.05096435547,669,5.0,0,,40.57364341085271,18.0,0.0,255.0,5234.0,54.59192007433975,0.5873411738515679,0.5500039388528564,0.0,0.0,5.0,5.0,0.0,1.0,78.53981633974483,31.41592653589793,1.0,1.0,3.5449077018110318
ID2122,2122,4,-1.0,608.3622253600178,915.5126428857112,0.0,176447.48797607422,421,5.0,0,,45.82945736434109,20.0,0.0,255.0,5912.0,62.233823705317164,0.3242110267122345,0.36059425816838125,0.0,0.0,5.0,5.0,0.0,1.0,78.53981633974483,31.41592653589793,1.0,1.0,3.5449077018110318
ID2157,2157,4,-1.0,918.8272157367079,552.014486893074,0.0,342417.09661865234,817,5.0,0,,28.186046511627907,24.0,0.0,122.0,3636.0,20.019430967913888,0.38562930147209734,0.7836739271581217,0.0,0.0,5.0,5.0,0.0,1.0,78.53981633974483,31.41592653589793,1.0,1.0,3.5449077018110318
ID2125,2125,4,-1.0,674.6536823799516,986.2235303736408,0.0,342417.09661865234,817,5.0,0,,41.2093023255814,39.0,0.0,110.0,5316.0,23.84706298039022,0.3729315267215684,0.9387945942589515,0.0,0.0,5.0,5.0,0.0,1.0,78.53981633974483,31.41592653589793,1.0,1.0,3.5449077018110318
ID2159,2159,4,-1.0,932.0855071406946,477.989026554148,0.0,342417.09661865234,817,5.0,0,,36.395348837209305,36.0,0.0,110.0,4695.0,17.94802330892387,0.5197019685827368,1.3869320779388794,0.0,0.0,5.0,5.0,0.0,1.0,78.53981633974483,31.41592653589793,1.0,1.0,3.5449077018110318
ID2128,2128,4,-1.0,513.3444702981127,1080.136427818547,0.0,342417.09661865234,817,5.0,0,,48.30232558139535,43.0,0.0,178.0,6231.0,34.951217041390976,0.5248665171645893,0.9513772761367165,0.0,0.0,5.0,5.0,0.0,1.0,78.53981633974483,31.41592653589793,1.0,1.0,3.5449077018110318
ID2130,2130,4,-1.0,953.0778018636738,359.76926153526597,0.0,188601.8280029297,450,5.0,0,,63.51937984496124,55.0,0.0,222.0,8194.0,49.456752062912535,0.5290545496775577,0.8887674225313581,0.0,0.0,5.0,5.0,0.0,1.0,78.53981633974483,31.41592653589793,1.0,1.0,3.5449077018110318
ID2132,2132,4,-1.0,948.6583713956782,363.08383438626265,0.0,189020.94317626953,451,5.0,0,,49.5968992248062,14.0,0.0,255.0,6398.0,64.68161439164979,0.742564675740291,0.6535052033377918,0.0,0.0,5.0,5.0,0.0,1.0,78.53981633974483,31.41592653589793,1.0,1.0,3.5449077018110318
ID2134,2134,4,-1.0,946.4486561616804,349.82554298227586,0.0,189020.94317626953,451,5.0,0,,37.42635658914729,21.0,0.0,255.0,4828.0,43.85519054117883,0.5533799805071062,0.6080401877683456,0.0,0.0,5.0,5.0,0.0,1.0,78.53981633974483,31.41592653589793,1.0,1.0,3.5449077018110318
ID2104,2104,4,-1.0,676.8633976139495,1069.087851648558,0.0,0.0,0,5.0,0,,40.372093023255815,38.0,0.0,171.0,5208.0,29.414088293133933,0.42461388370841874,0.8181875881920079,0.0,0.0,5.0,5.0,0.0,1.0,78.53981633974483,31.41592653589793,1.0,1.0,3.5449077018110318
ID2138,2138,4,-1.0,842.5920401637841,199.56490707042582,0.0,286674.7785644531,684,5.0,0,,63.07751937984496,21.0,0.0,255.0,8137.0,76.15646028931786,0.6928034419187281,0.6779557594071723,0.0,0.0,5.0,5.0,0.0,1.0,78.53981633974483,31.41592653589793,1.0,1.0,3.5449077018110318
ID2107,2107,4,-1.0,777.405440760849,811.656026887815,0.0,66220.19738769531,158,5.0,0,,91.18604651162791,84.0,0.0,255.0,11763.0,62.2263719517623,0.580618686902529,1.0765836971403318,0.0,0.0,5.0,5.0,0.0,1.0,78.53981633974483,31.41592653589793,1.0,1.0,3.5449077018110318
ID2140,2140,4,-1.0,848.1163282487785,205.0891951554203,0.0,287093.89373779297,685,5.0,0,,36.3875968992248,17.0,0.0,210.0,4694.0,45.04430285797795,0.517012567966898,0.5506243618520833,0.0,0.0,5.0,5.0,0.0,1.0,78.53981633974483,31.41592653589793,1.0,1.0,3.5449077018110318
ID2142,2142,4,-1.0,845.9066130147808,196.25033421942913,0.0,287093.89373779297,685,5.0,0,,34.968992248062015,11.0,0.0,255.0,4511.0,52.44877530512749,0.45218615259745815,0.41521470729614685,0.0,0.0,5.0,5.0,0.0,1.0,78.53981633974483,31.41592653589793,1.0,1.0,3.5449077018110318
ID2110,2110,4,-1.0,775.1957255268513,814.9705997388116,0.0,66639.31256103516,159,5.0,0,,73.72868217054264,55.0,0.0,255.0,9511.0,61.86751873181119,0.4358520550453264,0.7234910657754333,0.0,0.0,5.0,5.0,0.0,1.0,78.53981633974483,31.41592653589793,1.0,1.0,3.5449077018110318
ID2169,2169,5,-1.0,862.4794772697642,753.0985731868734,0.0,128668.35821533203,307,5.0,0,,68.55813953488372,23.0,0.0,255.0,8844.0,82.04218684013503,0.7983804892927661,0.7419593707409466,0.0,0.0,5.0,5.0,0.0,1.0,78.53981633974483,31.41592653589793,1.0,1.0,3.5449077018110318
ID2162,2162,5,-1.0,881.2620567587454,837.0677520787896,0.0,0.0,0,5.0,0,,48.82170542635659,43.0,0.0,140.0,6298.0,29.7842370255442,0.5036237359466733,1.0980534475908161,0.0,0.0,5.0,5.0,0.0,1.0,78.53981633974483,31.41592653589793,1.0,1.0,3.5449077018110318
ID2172,2172,5,-1.0,856.9551891847698,753.0985731868734,0.0,342417.09661865234,817,5.0,0,,53.27906976744186,48.0,0.0,188.0,6873.0,27.440554142143466,0.21548236708466031,0.6884253064732687,0.0,0.0,5.0,5.0,0.0,1.0,78.53981633974483,31.41592653589793,1.0,1.0,3.5449077018110318
ID2165,2165,5,-1.0,859.1649044187675,765.2520069738613,0.0,128249.24304199219,306,5.0,0,,95.93798449612403,99.0,0.0,255.0,12376.0,76.73226097301584,0.6414325765410864,0.977170967423748,0.0,0.0,5.0,5.0,0.0,1.0,78.53981633974483,31.41592653589793,1.0,1.0,3.5449077018110318
ID2167,2167,5,-1.0,859.1649044187675,767.461722207859,0.0,128668.35821533203,307,5.0,0,,69.27906976744185,19.0,0.0,255.0,8937.0,87.56872093748943,0.6936924131893123,0.6480603329675619,0.0,0.0,5.0,5.0,0.0,1.0,78.53981633974483,31.41592653589793,1.0,1.0,3.5449077018110318
ID2175,2175,5,-1.0,418.32671523620746,1029.3129774365977,0.0,342417.09661865234,817,5.0,0,,62.23255813953488,62.0,0.0,200.0,8028.0,36.310619922910234,0.37905626552194865,0.94218390147078,0.0,0.0,5.0,5.0,0.0,1.0,78.53981633974483,31.41592653589793,1.0,1.0,3.5449077018110318
ID2192,2192,6,-1.0,516.6590431491094,9.529396946615488,0.0,301762.9248046875,720,5.0,0,,4.224806201550388,0.0,0.0,26.0,545.0,6.404637370293595,-0.03536417450248903,-0.04836624599099179,0.0,0.0,5.0,5.0,0.0,1.0,78.53981633974483,31.41592653589793,1.0,1.0,3.5449077018110318
ID2194,2194,6,-1.0,528.8124769360971,10.634254563614387,0.0,301762.9248046875,720,5.0,0,,12.51937984496124,9.0,0.0,72.0,1615.0,15.005259898195803,0.09404530476126984,0.14344027247567295,0.0,0.0,5.0,5.0,0.0,1.0,78.53981633974483,31.41592653589793,1.0,1.0,3.5449077018110318
ID2178,2178,6,-1.0,549.8047716590762,358.664403918267,0.0,0.0,0,5.0,0,,50.116279069767444,48.0,0.0,125.0,6465.0,32.14873342834071,0.8677749578743306,1.4485300589879393,0.0,0.0,5.0,5.0,0.0,1.0,78.53981633974483,31.41592653589793,1.0,1.0,3.5449077018110318
ID2181,2181,6,-1.0,461.4161622991645,273.590367409352,0.0,93462.68365478516,223,5.0,0,,78.11627906976744,68.0,0.0,255.0,10077.0,69.2396910091785,0.6910076216807866,0.9220483507225886,0.0,0.0,5.0,5.0,0.0,1.0,78.53981633974483,31.41592653589793,1.0,1.0,3.5449077018110318
ID2198,2198,6,-1.0,522.1833312341038,117.80544341250742,0.0,342417.09661865234,817,5.0,0,,30.875968992248062,27.0,0.0,107.0,3983.0,25.71053035477939,0.4134177705001581,0.7025191217674126,0.0,0.0,5.0,5.0,0.0,1.0,78.53981633974483,31.41592653589793,1.0,1.0,3.5449077018110318
ID2183,2183,6,-1.0,456.9967318311689,270.27579455835524,0.0,93881.798828125,224,5.0,0,,43.18604651162791,16.0,0.0,255.0,5571.0,58.59457731974068,0.5986207891311589,0.5519787476024423,0.0,0.0,5.0,5.0,0.0,1.0,78.53981633974483,31.41592653589793,1.0,1.0,3.5449077018110318
ID2185,2185,6,-1.0,462.52101991616337,284.6389435793409,0.0,93881.798828125,224,5.0,0,,47.093023255813954,22.0,0.0,236.0,6075.0,59.74587353173244,0.7400743885229136,0.6704805942196638,0.0,0.0,5.0,5.0,0.0,1.0,78.53981633974483,31.41592653589793,1.0,1.0,3.5449077018110318
ID2190,2190,6,-1.0,527.7076193190984,10.634254563614387,0.0,301343.80963134766,719,5.0,0,,58.542635658914726,40.0,0.0,204.0,7552.0,55.773818868031896,0.6393227028036551,0.8187052175505775,0.0,0.0,5.0,5.0,0.0,1.0,78.53981633974483,31.41592653589793,1.0,1.0,3.5449077018110318
ID2208,2208,7,-1.0,1073.5072821165536,901.1494938647256,0.0,70411.34912109375,168,5.0,0,,56.51162790697674,34.0,0.0,255.0,7290.0,61.142394799847885,0.43258532669367683,0.5581830625917419,0.0,0.0,5.0,5.0,0.0,1.0,78.53981633974483,31.41592653589793,1.0,1.0,3.5449077018110318
ID2212,2212,7,-1.0,1128.7501629664985,896.7300633967301,0.0,224645.73291015625,536,5.0,0,,57.27131782945737,40.0,0.0,211.0,7388.0,57.04230227674026,0.6919935874633935,0.8212464091524884,0.0,0.0,5.0,5.0,0.0,1.0,78.53981633974483,31.41592653589793,1.0,1.0,3.5449077018110318
ID2214,2214,7,-1.0,1114.3870139455128,902.2543514817245,0.0,225064.8480834961,537,5.0,0,,40.798449612403104,18.0,0.0,216.0,5263.0,50.86415422552035,0.5879141579105109,0.5939484124912181,0.0,0.0,5.0,5.0,0.0,1.0,78.53981633974483,31.41592653589793,1.0,1.0,3.5449077018110318
ID2216,2216,7,-1.0,1128.7501629664985,892.3106329287343,0.0,225064.8480834961,537,5.0,0,,36.01550387596899,12.0,0.0,255.0,4646.0,56.707581131202716,0.7504011783596652,0.5445456315029693,0.0,0.0,5.0,5.0,0.0,1.0,78.53981633974483,31.41592653589793,1.0,1.0,3.5449077018110318
ID2220,2220,7,-1.0,1202.7756233054245,990.6429608416363,0.0,342417.09661865234,817,5.0,0,,27.852713178294575,27.0,0.0,91.0,3593.0,15.759471742809247,0.44036497218089327,1.0806773821861866,0.0,0.0,5.0,5.0,0.0,1.0,78.53981633974483,31.41592653589793,1.0,1.0,3.5449077018110318
ID2223,2223,7,-1.0,1223.7679180284035,959.7069475656672,0.0,342417.09661865234,817,5.0,0,,31.364341085271317,30.0,0.0,91.0,4046.0,17.979996690982784,0.3949606878266367,0.9877987180010546,0.0,0.0,5.0,5.0,0.0,1.0,78.53981633974483,31.41592653589793,1.0,1.0,3.5449077018110318
ID2225,2225,7,-1.0,1063.5635635635635,916.6175005027102,0.0,212491.39288330078,507,5.0,0,,56.434108527131784,44.0,0.0,225.0,7280.0,48.65244163985379,0.7400491384872593,0.9866566989308094,0.0,0.0,5.0,5.0,0.0,1.0,78.53981633974483,31.41592653589793,1.0,1.0,3.5449077018110318
ID2227,2227,7,-1.0,1062.4587059465646,924.3515038217024,0.0,212910.50805664062,508,5.0,0,,37.81395348837209,23.0,0.0,240.0,4878.0,41.26870171545344,0.7404830499789335,0.7796624143371877,0.0,0.0,5.0,5.0,0.0,1.0,78.53981633974483,31.41592653589793,1.0,1.0,3.5449077018110318
ID2229,2229,7,-1.0,1065.7732787975613,911.0932124177157,0.0,212910.50805664062,508,5.0,0,,36.68217054263566,30.0,0.0,176.0,4732.0,35.111648818475295,0.6897913441539324,0.8529399500511594,0.0,0.0,5.0,5.0,0.0,1.0,78.53981633974483,31.41592653589793,1.0,1.0,3.5449077018110318
ID2201,2201,7,-1.0,1126.5404477325008,862.4794772697642,0.0,0.0,0,5.0,0,,37.42635658914729,37.0,0.0,83.0,4828.0,18.19373827455756,0.492979535072306,1.358503119764683,0.0,0.0,5.0,5.0,0.0,1.0,78.53981633974483,31.41592653589793,1.0,1.0,3.5449077018110318
ID2233,2233,7,-1.0,1096.7092920735304,869.1086229717575,0.0,342417.09661865234,817,5.0,0,,26.124031007751938,25.0,0.0,75.0,3370.0,19.385887163708304,0.3318254055008535,0.6715012792088491,0.0,0.0,5.0,5.0,0.0,1.0,78.53981633974483,31.41592653589793,1.0,1.0,3.5449077018110318
ID2204,2204,7,-1.0,1072.4024244995546,895.625205779731,0.0,69992.2339477539,167,5.0,0,,74.31782945736434,58.0,0.0,255.0,9587.0,67.85208919224182,0.5474519736418468,0.7749766813397584,0.0,0.0,5.0,5.0,0.0,1.0,78.53981633974483,31.41592653589793,1.0,1.0,3.5449077018110318
ID2236,2236,7,-1.0,1438.1102957261896,789.558874547837,0.0,342417.09661865234,817,5.0,0,,26.852713178294575,25.0,0.0,75.0,3464.0,19.039884443252355,0.3962366496254981,0.8004781276934873,0.0,0.0,5.0,5.0,0.0,1.0,78.53981633974483,31.41592653589793,1.0,1.0,3.5449077018110318
ID2206,2206,7,-1.0,1067.982994031559,884.5766296097421,0.0,70411.34912109375,168,5.0,0,,58.55813953488372,37.0,0.0,255.0,7554.0,59.2781983237651,0.6631775881528847,0.7877954847182019,0.0,0.0,5.0,5.0,0.0,1.0,78.53981633974483,31.41592653589793,1.0,1.0,3.5449077018110318
ID2256,2256,8,-1.0,574.1116392330521,725.477132761901,0.0,198660.59216308594,474,5.0,0,,78.72093023255815,81.0,0.0,255.0,10155.0,55.36286220588588,0.7173780016772218,1.1879108192409114,0.0,0.0,5.0,5.0,0.0,1.0,78.53981633974483,31.41592653589793,1.0,1.0,3.5449077018110318
ID2241,2241,8,-1.0,34.94112213759013,714.428556591912,0.0,0.0,0,5.0,0,,35.51162790697674,35.0,0.0,108.0,4581.0,24.10268277309531,0.4696052697253154,0.941602175945664,0.0,0.0,5.0,5.0,0.0,1.0,78.53981633974483,31.41592653589793,1.0,1.0,3.5449077018110318
ID2258,2258,8,-1.0,566.3776359140597,728.7917056128977,0.0,199079.70733642578,475,5.0,0,,44.48837209302326,22.0,0.0,213.0,5739.0,48.85423412418278,0.5941225032551181,0.6787793325990145,0.0,0.0,5.0,5.0,0.0,1.0,78.53981633974483,31.41592653589793,1.0,1.0,3.5449077018110318
ID2244,2244,8,-1.0,236.02520843138942,788.4540169308381,0.0,77955.42224121094,186,5.0,0,,102.44186046511628,93.0,0.0,255.0,13215.0,64.12584148774678,0.7346942516023048,1.3531878141545763,0.0,0.0,5.0,5.0,0.0,1.0,78.53981633974483,31.41592653589793,1.0,1.0,3.5449077018110318
ID2260,2260,8,-1.0,570.7970663820554,708.9042685069174,0.0,199079.70733642578,475,5.0,0,,42.1937984496124,14.0,0.0,255.0,5443.0,59.11034140690028,0.6726387379740943,0.5741096890745859,0.0,0.0,5.0,5.0,0.0,1.0,78.53981633974483,31.41592653589793,1.0,1.0,3.5449077018110318
ID2246,2246,8,-1.0,223.87177464440157,790.6637321648359,0.0,78374.53741455078,187,5.0,0,,58.34108527131783,28.0,0.0,255.0,7526.0,68.42759587284931,0.5068045865863542,0.5735308991914844,0.0,0.0,5.0,5.0,0.0,1.0,78.53981633974483,31.41592653589793,1.0,1.0,3.5449077018110318
ID2248,2248,8,-1.0,241.54949651638393,782.9297288458437,0.0,78374.53741455078,187,5.0,0,,64.95348837209302,29.0,0.0,255.0,8379.0,74.73190212196823,0.8173193981654933,0.7817843704498679,0.0,0.0,5.0,5.0,0.0,1.0,78.53981633974483,31.41592653589793,1.0,1.0,3.5449077018110318
ID2264,2264,8,-1.0,5.1099664786199,768.566579824858,0.0,326071.60485839844,778,5.0,0,,28.54263565891473,26.0,0.0,88.0,3682.0,18.448834546497267,0.4344728687913519,0.9371852753554751,0.0,0.0,5.0,5.0,0.0,1.0,78.53981633974483,31.41592653589793,1.0,1.0,3.5449077018110318
ID2267,2267,8,-1.0,321.0992449403045,820.494887823806,0.0,342417.09661865234,817,5.0,0,,27.88372093023256,23.0,0.0,108.0,3597.0,20.81451863595485,0.36369521159139717,0.7145532833350545,0.0,0.0,5.0,5.0,0.0,1.0,78.53981633974483,31.41592653589793,1.0,1.0,3.5449077018110318
ID2253,2253,8,-1.0,6.2148240956187975,953.0778018636738,0.0,203689.97424316406,486,5.0,0,,35.16279069767442,32.0,0.0,101.0,4536.0,19.394260868905594,0.2708296543013937,0.7727677215484686,0.0,0.0,5.0,5.0,0.0,1.0,78.53981633974483,31.41592653589793,1.0,1.0,3.5449077018110318
ID2280,2280,9,-1.0,1600.5243654250276,599.5233644240267,0.0,131183.0492553711,313,5.0,0,,41.86046511627907,42.0,0.0,130.0,5400.0,26.626978854293196,0.5584828280199923,1.1267302508204122,0.0,0.0,5.0,5.0,0.0,1.0,78.53981633974483,31.41592653589793,1.0,1.0,3.5449077018110318
ID2272,2272,9,-1.0,1351.9314016002756,791.7685897818347,0.0,39396.82629394531,94,5.0,0,,61.945736434108525,26.0,0.0,255.0,7991.0,71.19485915402348,0.6998934106992122,0.7164782236732585,0.0,0.0,5.0,5.0,0.0,1.0,78.53981633974483,31.41592653589793,1.0,1.0,3.5449077018110318
ID2274,2274,9,-1.0,1350.826543983277,788.4540169308381,0.0,39815.941467285156,95,5.0,0,,38.4031007751938,19.0,0.0,204.0,4954.0,44.16438033427026,0.35046612260019455,0.45132199169283516,0.0,0.0,5.0,5.0,0.0,1.0,78.53981633974483,31.41592653589793,1.0,1.0,3.5449077018110318
ID2282,2282,9,-1.0,1607.153511127021,629.3545200829968,0.0,222550.15704345703,531,5.0,0,,34.58139534883721,34.0,0.0,103.0,4461.0,18.94881991478073,0.4614919130860971,1.15254533899528,0.0,0.0,5.0,5.0,0.0,1.0,78.53981633974483,31.41592653589793,1.0,1.0,3.5449077018110318
ID2276,2276,9,-1.0,1349.721686366278,799.5025931008271,0.0,39815.941467285156,95,5.0,0,,36.542635658914726,19.0,0.0,159.0,4714.0,40.86945829251999,0.3320417213710426,0.44576484090915075,0.0,0.0,5.0,5.0,0.0,1.0,78.53981633974483,31.41592653589793,1.0,1.0,3.5449077018110318
ID2270,2270,9,-1.0,1292.2690902823351,728.7917056128977,0.0,0.0,0,5.0,0,,33.395348837209305,32.0,0.0,103.0,4308.0,22.01434851858384,0.5056251524974729,1.0188774510569665,0.0,0.0,5.0,5.0,0.0,1.0,78.53981633974483,31.41592653589793,1.0,1.0,3.5449077018110318
ID2289,2289,10,-1.0,443.7384404271821,566.3776359140597,0.0,71668.69464111328,171,5.0,0,,40.36434108527132,28.0,0.0,184.0,5207.0,41.51466946764423,0.6786858483128316,0.7861866100348397,0.0,0.0,5.0,5.0,0.0,1.0,78.53981633974483,31.41592653589793,1.0,1.0,3.5449077018110318
ID2306,2306,10,-1.0,522.1833312341038,567.4824935310586,0.0,251888.2191772461,601,5.0,0,,58.50387596899225,54.0,0.0,189.0,7547.0,38.48764493944122,0.55116724067764,1.0802345673539713,0.0,0.0,5.0,5.0,0.0,1.0,78.53981633974483,31.41592653589793,1.0,1.0,3.5449077018110318
ID2291,2291,10,-1.0,456.9967318311689,570.7970663820554,0.0,71668.69464111328,171,5.0,0,,43.55038759689923,28.0,0.0,202.0,5618.0,49.731303214171305,0.7269555570362202,0.7372569574766139,0.0,0.0,5.0,5.0,0.0,1.0,78.53981633974483,31.41592653589793,1.0,1.0,3.5449077018110318
ID2308,2308,10,-1.0,514.4493279151116,566.3776359140597,0.0,252307.33435058594,602,5.0,0,,34.58914728682171,17.0,0.0,192.0,4462.0,42.43590983823076,0.34831467898092344,0.42113064733535144,0.0,0.0,5.0,5.0,0.0,1.0,78.53981633974483,31.41592653589793,1.0,1.0,3.5449077018110318
ID2310,2310,10,-1.0,526.6027617020994,561.9582054460641,0.0,252307.33435058594,602,5.0,0,,35.57364341085271,22.0,0.0,177.0,4589.0,36.446402255958006,0.33080253193259995,0.4852425601383249,0.0,0.0,5.0,5.0,0.0,1.0,78.53981633974483,31.41592653589793,1.0,1.0,3.5449077018110318
ID2296,2296,10,-1.0,755.3082884208711,358.664403918267,0.0,249792.64331054688,596,5.0,0,,46.07751937984496,27.0,0.0,236.0,5944.0,50.94369017649242,0.46239888501559767,0.5719783842054054,0.0,0.0,5.0,5.0,0.0,1.0,78.53981633974483,31.41592653589793,1.0,1.0,3.5449077018110318
ID2298,2298,10,-1.0,758.6228612718678,358.664403918267,0.0,250211.75848388672,597,5.0,0,,44.31782945736434,40.0,0.0,193.0,5717.0,40.367643388634136,0.6876567267063092,0.8946695612149249,0.0,0.0,5.0,5.0,0.0,1.0,78.53981633974483,31.41592653589793,1.0,1.0,3.5449077018110318
ID2300,2300,10,-1.0,756.4131460378701,342.0915396632836,0.0,250211.75848388672,597,5.0,0,,40.69767441860465,34.0,0.0,136.0,5250.0,31.17029952814728,0.6285717821475862,1.0078748039177068,0.0,0.0,5.0,5.0,0.0,1.0,78.53981633974483,31.41592653589793,1.0,1.0,3.5449077018110318
ID2285,2285,10,-1.0,576.3213544670498,728.7917056128977,0.0,0.0,0,5.0,0,,26.852713178294575,25.0,2.0,63.0,3464.0,14.903387185885066,0.30890183366890056,0.8504457094785043,0.0,0.0,5.0,5.0,0.0,1.0,78.53981633974483,31.41592653589793,1.0,1.0,3.5449077018110318
ID2303,2303,10,-1.0,766.3568645908601,202.87947992142253,0.0,342417.09661865234,817,5.0,0,,65.10852713178295,53.0,0.0,242.0,8399.0,52.12323742674625,0.4675507841671155,0.7959249799967917,0.0,0.0,5.0,5.0,0.0,1.0,78.53981633974483,31.41592653589793,1.0,1.0,3.5449077018110318
ID2287,2287,10,-1.0,444.84329804418104,558.6436325950674,0.0,71249.57946777344,170,5.0,0,,66.62015503875969,69.0,0.0,216.0,8594.0,53.84529253426686,0.5869388845562251,0.915209616058515,0.0,0.0,5.0,5.0,0.0,1.0,78.53981633974483,31.41592653589793,1.0,1.0,3.5449077018110318
ID2321,2321,11,-1.0,970.7555237356561,722.1625599109043,0.0,150043.23205566406,358,5.0,0,,47.224806201550386,36.0,0.0,195.0,6092.0,43.24534662648642,0.4448225172584861,0.6724082906990972,0.0,0.0,5.0,5.0,0.0,1.0,78.53981633974483,31.41592653589793,1.0,1.0,3.5449077018110318
ID2314,2314,11,-1.0,895.625205779731,801.7123083348248,0.0,0.0,0,5.0,0,,22.48062015503876,21.0,0.0,63.0,2900.0,15.472809202352463,0.556137029682058,1.0384918409025916,0.0,0.0,5.0,5.0,0.0,1.0,78.53981633974483,31.41592653589793,1.0,1.0,3.5449077018110318
ID2324,2324,11,-1.0,1041.4664112235855,635.9836657849902,0.0,342417.09661865234,817,5.0,0,,21.914728682170544,20.0,0.0,105.0,2827.0,16.890747748282905,0.323160018099356,0.633756566536851,0.0,0.0,5.0,5.0,0.0,1.0,78.53981633974483,31.41592653589793,1.0,1.0,3.5449077018110318
ID2317,2317,11,-1.0,985.1186727566418,722.1625599109043,0.0,149624.11688232422,357,5.0,0,,45.333333333333336,26.0,0.0,255.0,5848.0,50.44696059559319,0.6490164463076428,0.707364660661792,0.0,0.0,5.0,5.0,0.0,1.0,78.53981633974483,31.41592653589793,1.0,1.0,3.5449077018110318
ID2319,2319,11,-1.0,993.957533692633,723.2674175279031,0.0,150043.23205566406,358,5.0,0,,31.906976744186046,9.0,0.0,255.0,4116.0,50.58987081491479,0.6768472650206083,0.509154108501486,0.0,0.0,5.0,5.0,0.0,1.0,78.53981633974483,31.41592653589793,1.0,1.0,3.5449077018110318
ID2327,2327,11,-1.0,907.778639566719,808.3414540368183,0.0,342417.09661865234,817,5.0,0,,23.94573643410853,22.0,0.0,73.0,3089.0,15.408657305594163,0.4307778917946071,0.9357817753655123,0.0,0.0,5.0,5.0,0.0,1.0,78.53981633974483,31.41592653589793,1.0,1.0,3.5449077018110318
ID2337,2337,12,-1.0,507.8201822131182,605.0476525090211,0.0,118609.59405517578,283,5.0,0,,107.69767441860465,80.0,0.0,255.0,13893.0,94.83502160422815,0.654811147852887,0.8987423363742846,0.0,0.0,5.0,5.0,0.0,1.0,78.53981633974483,31.41592653589793,1.0,1.0,3.5449077018110318
ID2340,2340,12,-1.0,538.7561954890873,578.5310697010476,0.0,237219.18811035156,566,5.0,0,,56.93798449612403,41.0,0.0,201.0,7345.0,50.985866904770845,0.30597753367950126,0.5232823798514893,0.0,0.0,5.0,5.0,0.0,1.0,78.53981633974483,31.41592653589793,1.0,1.0,3.5449077018110318
ID2342,2342,12,-1.0,532.1270497870938,580.7407849350454,0.0,237638.3032836914,567,5.0,0,,6.434108527131783,0.0,0.0,89.0,830.0,11.142433644378587,-0.3278273820741764,-0.5632519839158489,0.0,0.0,5.0,5.0,0.0,1.0,78.53981633974483,31.41592653589793,1.0,1.0,3.5449077018110318
ID2344,2344,12,-1.0,543.1756259570828,578.5310697010476,0.0,237638.3032836914,567,5.0,0,,5.542635658914729,0.0,0.0,52.0,715.0,8.061296181386155,-0.5190344909018371,-1.483965260778253,0.0,0.0,5.0,5.0,0.0,1.0,78.53981633974483,31.41592653589793,1.0,1.0,3.5449077018110318
ID2330,2330,12,-1.0,450.3675861291755,531.0221921700951,0.0,0.0,0,5.0,0,,47.457364341085274,46.0,0.0,110.0,6122.0,21.7230464282529,0.5754894418542257,1.5960068222033659,0.0,0.0,5.0,5.0,0.0,1.0,78.53981633974483,31.41592653589793,1.0,1.0,3.5449077018110318
ID2348,2348,12,-1.0,677.9682552309483,497.87646366012814,0.0,342417.09661865234,817,5.0,0,,54.992248062015506,54.0,0.0,166.0,7094.0,30.5755969187518,0.474034747807884,1.1568018681849992,0.0,0.0,5.0,5.0,0.0,1.0,78.53981633974483,31.41592653589793,1.0,1.0,3.5449077018110318
ID2333,2333,12,-1.0,503.4007517451226,606.15251012602,0.0,118190.47888183594,282,5.0,0,,120.10852713178295,107.0,0.0,255.0,15494.0,83.87176226147248,0.6133812956414358,1.0888839077144075,0.0,0.0,5.0,5.0,0.0,1.0,78.53981633974483,31.41592653589793,1.0,1.0,3.5449077018110318
ID2335,2335,12,-1.0,498.98132127712694,592.8942187220332,0.0,118609.59405517578,283,5.0,0,,67.21705426356588,29.0,0.0,255.0,8671.0,80.00712480385634,0.6717777742453711,0.6751929391958829,0.0,0.0,5.0,5.0,0.0,1.0,78.53981633974483,31.41592653589793,1.0,1.0,3.5449077018110318
ID2353,2353,13,-1.0,859.1649044187675,800.6074507178259,0.0,150043.23205566406,358,5.0,0,,45.775193798449614,30.0,0.0,190.0,5905.0,46.227061931783645,0.6819188121999489,0.8029556141726528,0.0,0.0,5.0,5.0,0.0,1.0,78.53981633974483,31.41592653589793,1.0,1.0,3.5449077018110318
ID2361,2361,13,-1.0,884.5766296097421,588.4747882540377,0.0,342417.09661865234,817,5.0,0,,22.124031007751938,22.0,0.0,68.0,2854.0,13.588832588711625,0.4669199239134669,1.036449400548984,0.0,0.0,5.0,5.0,0.0,1.0,78.53981633974483,31.41592653589793,1.0,1.0,3.5449077018110318
ID2355,2355,13,-1.0,851.4309010997753,792.8734473988337,0.0,150462.3472290039,359,5.0,0,,28.86046511627907,14.0,0.0,236.0,3723.0,36.822790197199566,0.6459756815961113,0.6151901631151033,0.0,0.0,5.0,5.0,0.0,1.0,78.53981633974483,31.41592653589793,1.0,1.0,3.5449077018110318
ID2364,2364,13,-1.0,797.2928778668293,849.2211858657773,0.0,342417.09661865234,817,5.0,0,,17.751937984496124,16.0,0.0,77.0,2290.0,13.691940494178466,0.3793998367545719,0.7132105095686421,0.0,0.0,5.0,5.0,0.0,1.0,78.53981633974483,31.41592653589793,1.0,1.0,3.5449077018110318
ID2357,2357,13,-1.0,860.2697620357665,817.1803149728094,0.0,150462.3472290039,359,5.0,0,,24.310077519379846,9.0,0.0,141.0,3136.0,36.139659320131855,0.556959459682504,0.4812586685951922,0.0,0.0,5.0,5.0,0.0,1.0,78.53981633974483,31.41592653589793,1.0,1.0,3.5449077018110318
ID2351,2351,13,-1.0,881.2620567587454,1186.202759050441,0.0,0.0,0,5.0,0,,12.248062015503876,7.0,0.0,76.0,1580.0,14.856096711321051,0.18170669971286804,0.25354432661373855,0.0,0.0,5.0,5.0,0.0,1.0,78.53981633974483,31.41592653589793,1.0,1.0,3.5449077018110318
ID2401,2401,14,-1.0,740.9451393998854,620.5156591470057,0.0,342417.09661865234,817,5.0,0,,20.46511627906977,17.0,0.0,59.0,2640.0,13.425748647438104,0.2283430658831129,0.5667269289894131,0.0,0.0,5.0,5.0,0.0,1.0,78.53981633974483,31.41592653589793,1.0,1.0,3.5449077018110318
ID2370,2370,14,-1.0,817.1803149728094,519.9736160001061,0.0,34786.55938720703,83,5.0,0,,57.02325581395349,56.0,5.0,133.0,7356.0,26.912318600259255,0.5082257385087909,1.4279769527996113,0.0,0.0,5.0,5.0,0.0,1.0,78.53981633974483,31.41592653589793,1.0,1.0,3.5449077018110318
ID2372,2372,14,-1.0,816.0754573558105,527.7076193190984,0.0,35205.674560546875,84,5.0,0,,39.054263565891475,22.0,0.0,148.0,5038.0,41.98052191149176,0.6987576024435432,0.7653247312821742,0.0,0.0,5.0,5.0,0.0,1.0,78.53981633974483,31.41592653589793,1.0,1.0,3.5449077018110318
ID2374,2374,14,-1.0,828.2288911427984,513.3444702981127,0.0,35205.674560546875,84,5.0,0,,46.78294573643411,31.0,0.0,231.0,6035.0,50.11595324225456,0.7208035714962806,0.7820368100167072,0.0,0.0,5.0,5.0,0.0,1.0,78.53981633974483,31.41592653589793,1.0,1.0,3.5449077018110318
ID2377,2377,14,-1.0,980.6992422886462,303.4215230683222,0.0,132859.50994873047,317,5.0,0,,46.736434108527135,42.0,0.0,119.0,6029.0,30.355837417374563,0.41751800033329034,0.9069638401319966,0.0,0.0,5.0,5.0,0.0,1.0,78.53981633974483,31.41592653589793,1.0,1.0,3.5449077018110318
ID2379,2379,14,-1.0,982.9089575226441,322.20410255730343,0.0,133278.6251220703,318,5.0,0,,45.29457364341085,32.0,0.0,202.0,5843.0,43.61826651128644,0.7088210518619575,0.8614851424071327,0.0,0.0,5.0,5.0,0.0,1.0,78.53981633974483,31.41592653589793,1.0,1.0,3.5449077018110318
ID2381,2381,14,-1.0,995.0623913096318,300.1069502173255,0.0,133278.6251220703,318,5.0,0,,25.302325581395348,16.0,0.0,112.0,3264.0,27.719748333533236,0.5462256021045311,0.6449118315001349,0.0,0.0,5.0,5.0,0.0,1.0,78.53981633974483,31.41592653589793,1.0,1.0,3.5449077018110318
ID2384,2384,14,-1.0,974.0700965866528,7.319681712617695,0.0,246858.83709716797,589,5.0,0,,20.434108527131784,17.0,0.0,84.0,2636.0,18.399152902222966,0.2152939265099426,0.39349418038081774,0.0,0.0,5.0,5.0,0.0,1.0,78.53981633974483,31.41592653589793,1.0,1.0,3.5449077018110318
ID2387,2387,14,-1.0,1434.795722875193,296.7923773663288,0.0,342417.09661865234,817,5.0,0,,37.224806201550386,35.0,0.0,95.0,4802.0,20.483697904552322,0.44037743104057586,1.1112271011888393,0.0,0.0,5.0,5.0,0.0,1.0,78.53981633974483,31.41592653589793,1.0,1.0,3.5449077018110318
ID2390,2390,14,-1.0,721.0577022939053,442.6335828101832,0.0,134955.0858154297,322,5.0,0,,50.27906976744186,47.0,0.0,168.0,6486.0,34.082614873684605,0.4714338077245061,0.9452883727988706,0.0,0.0,5.0,5.0,0.0,1.0,78.53981633974483,31.41592653589793,1.0,1.0,3.5449077018110318
ID2392,2392,14,-1.0,714.428556591912,442.6335828101832,0.0,135374.20098876953,323,5.0,0,,44.8062015503876,30.0,0.0,182.0,5780.0,43.041418555158124,0.726836613277766,0.876328821379438,0.0,0.0,5.0,5.0,0.0,1.0,78.53981633974483,31.41592653589793,1.0,1.0,3.5449077018110318
ID2394,2394,14,-1.0,732.1062784638943,437.10929472518876,0.0,135374.20098876953,323,5.0,0,,40.333333333333336,24.0,0.0,168.0,5203.0,40.3041819583692,0.7337423546672255,0.8470382659652044,0.0,0.0,5.0,5.0,0.0,1.0,78.53981633974483,31.41592653589793,1.0,1.0,3.5449077018110318
ID2398,2398,14,-1.0,690.1216890179362,206.1940527724192,0.0,342417.09661865234,817,5.0,0,,28.31782945736434,26.0,0.0,96.0,3653.0,19.918970423993752,0.38942370186114234,0.7969127009733997,0.0,0.0,5.0,5.0,0.0,1.0,78.53981633974483,31.41592653589793,1.0,1.0,3.5449077018110318
ID2367,2367,14,-1.0,806.1317388028205,568.5873511480575,0.0,0.0,0,5.0,0,,26.565891472868216,24.0,0.0,70.0,3427.0,13.529392171098442,0.19807014819766755,0.6492513830751075,0.0,0.0,5.0,5.0,0.0,1.0,78.53981633974483,31.41592653589793,1.0,1.0,3.5449077018110318
ID2433,2433,15,-1.0,1073.5072821165536,324.4138177913012,0.0,165969.60864257812,396,5.0,0,,18.108527131782946,5.0,0.0,214.0,2336.0,34.44838537355504,-0.13740548726293866,-0.16747178075620128,0.0,0.0,5.0,5.0,0.0,1.0,78.53981633974483,31.41592653589793,1.0,1.0,3.5449077018110318
ID2404,2404,15,-1.0,816.0754573558105,403.9635662152218,0.0,0.0,0,5.0,0,,36.63565891472868,36.0,0.0,94.0,4726.0,18.967051194314628,0.35814665889116565,1.018704959961639,0.0,0.0,5.0,5.0,0.0,1.0,78.53981633974483,31.41592653589793,1.0,1.0,3.5449077018110318
ID2437,2437,15,-1.0,987.3283879906396,9.529396946615488,0.0,215844.31427001953,515,5.0,0,,23.651162790697676,22.0,0.0,79.0,3051.0,17.3167418823116,0.30004283703567713,0.630437313883948,0.0,0.0,5.0,5.0,0.0,1.0,78.53981633974483,31.41592653589793,1.0,1.0,3.5449077018110318
ID2407,2407,15,-1.0,906.6737819497201,273.590367409352,0.0,64543.73669433594,154,5.0,0,,95.91472868217055,42.0,0.0,255.0,12373.0,100.15737858238964,0.6373000137783488,0.7455006242522322,0.0,0.0,5.0,5.0,0.0,1.0,78.53981633974483,31.41592653589793,1.0,1.0,3.5449077018110318
ID2440,2440,15,-1.0,1408.2791400672195,450.3675861291755,0.0,320203.9924316406,764,5.0,0,,46.16279069767442,30.0,0.0,198.0,5955.0,47.79444768643281,0.5672275657009908,0.6991492085309313,0.0,0.0,5.0,5.0,0.0,1.0,78.53981633974483,31.41592653589793,1.0,1.0,3.5449077018110318
ID2409,2409,15,-1.0,902.2543514817245,270.27579455835524,0.0,64962.85186767578,155,5.0,0,,74.17829457364341,66.0,0.0,240.0,9569.0,62.388456666227924,0.7788197510404625,1.041136354210948,0.0,0.0,5.0,5.0,0.0,1.0,78.53981633974483,31.41592653589793,1.0,1.0,3.5449077018110318
ID2442,2442,15,-1.0,1408.2791400672195,449.2627285121766,0.0,320623.10760498047,765,5.0,0,,42.8062015503876,37.0,0.0,144.0,5522.0,32.91847826434737,0.5128331704239059,0.8816211627174336,0.0,0.0,5.0,5.0,0.0,1.0,78.53981633974483,31.41592653589793,1.0,1.0,3.5449077018110318
ID2411,2411,15,-1.0,914.4077852687124,278.0097978773475,0.0,64962.85186767578,155,5.0,0,,63.91472868217054,35.0,0.0,222.0,8245.0,63.80598411979964,0.7001762082163593,0.8250550918168515,0.0,0.0,5.0,5.0,0.0,1.0,78.53981633974483,31.41592653589793,1.0,1.0,3.5449077018110318
ID2444,2444,15,-1.0,1421.5374314712062,450.3675861291755,0.0,320623.10760498047,765,5.0,0,,18.209302325581394,1.0,0.0,160.0,2349.0,32.690230387543885,0.29541074492893915,0.2540528747572538,0.0,0.0,5.0,5.0,0.0,1.0,78.53981633974483,31.41592653589793,1.0,1.0,3.5449077018110318
ID2415,2415,15,-1.0,1081.2412854355457,433.794721874192,0.0,179800.40936279297,429,5.0,0,,87.56589147286822,76.0,4.0,255.0,11296.0,56.409336129043204,0.6030847133671415,1.1679811345114646,0.0,0.0,5.0,5.0,0.0,1.0,78.53981633974483,31.41592653589793,1.0,1.0,3.5449077018110318
ID2447,2447,15,-1.0,1453.5783023641743,424.9558609382009,0.0,342417.09661865234,817,5.0,0,,19.015503875968992,18.0,0.0,51.0,2453.0,13.508668800142292,0.2668209569200552,0.5929662534141371,0.0,0.0,5.0,5.0,0.0,1.0,78.53981633974483,31.41592653589793,1.0,1.0,3.5449077018110318
ID2417,2417,15,-1.0,1070.192709265557,444.84329804418104,0.0,180219.5245361328,430,5.0,0,,54.116279069767444,31.0,0.0,255.0,6981.0,60.81884318240945,0.7510404252359781,0.7632853192285617,0.0,0.0,5.0,5.0,0.0,1.0,78.53981633974483,31.41592653589793,1.0,1.0,3.5449077018110318
ID2450,2450,15,-1.0,1253.5990736873737,395.1247052792306,0.0,342417.09661865234,817,5.0,0,,22.852713178294575,22.0,0.0,75.0,2948.0,16.656502472380062,0.2971343512736737,0.6285674001640689,0.0,0.0,5.0,5.0,0.0,1.0,78.53981633974483,31.41592653589793,1.0,1.0,3.5449077018110318
ID2419,2419,15,-1.0,1080.136427818547,428.27043378919757,0.0,180219.5245361328,430,5.0,0,,62.72868217054263,40.0,0.0,255.0,8092.0,62.1125178529337,0.8198370898798883,0.9099385718251708,0.0,0.0,5.0,5.0,0.0,1.0,78.53981633974483,31.41592653589793,1.0,1.0,3.5449077018110318
ID2423,2423,15,-1.0,833.7531792277929,402.85870859822296,0.0,342417.09661865234,817,5.0,0,,32.007751937984494,30.0,0.0,93.0,4129.0,15.345243625892179,0.24534021363646025,0.8218491442495152,0.0,0.0,5.0,5.0,0.0,1.0,78.53981633974483,31.41592653589793,1.0,1.0,3.5449077018110318
ID2426,2426,15,-1.0,1016.054686032611,674.6536823799516,0.0,342417.09661865234,817,5.0,0,,41.89147286821706,40.0,0.0,104.0,5404.0,21.394815489855503,0.46127212193281064,1.2361557380378916,0.0,0.0,5.0,5.0,0.0,1.0,78.53981633974483,31.41592653589793,1.0,1.0,3.5449077018110318
ID2429,2429,15,-1.0,1065.7732787975613,325.5186754083001,0.0,165550.49346923828,395,5.0,0,,71.0077519379845,47.0,0.0,239.0,9160.0,66.97603304121547,0.5778141417621221,0.7765128744782502,0.0,0.0,5.0,5.0,0.0,1.0,78.53981633974483,31.41592653589793,1.0,1.0,3.5449077018110318
ID2431,2431,15,-1.0,1059.144133095568,326.623533025299,0.0,165969.60864257812,396,5.0,0,,57.23255813953488,37.0,0.0,225.0,7383.0,58.54999354556793,0.29081378925526163,0.44045110241206475,0.0,0.0,5.0,5.0,0.0,1.0,78.53981633974483,31.41592653589793,1.0,1.0,3.5449077018110318
ID2496,2496,16,-1.0,319.99438732330566,925.4563614387013,0.0,300924.6944580078,718,5.0,0,,25.651162790697676,9.0,0.0,252.0,3309.0,40.37589998276949,0.10931364681966517,0.12520880307322002,0.0,0.0,5.0,5.0,0.0,1.0,78.53981633974483,31.41592653589793,1.0,1.0,3.5449077018110318
ID2498,2498,16,-1.0,329.9381058762957,919.9320733537069,0.0,300924.6944580078,718,5.0,0,,21.82170542635659,10.0,0.0,198.0,2815.0,32.66961738670655,0.004404542234592322,0.005858234430939391,0.0,0.0,5.0,5.0,0.0,1.0,78.53981633974483,31.41592653589793,1.0,1.0,3.5449077018110318
ID2502,2502,16,-1.0,421.64128808720415,874.632911056752,0.0,342417.09661865234,817,5.0,0,,18.4031007751938,14.0,0.0,77.0,2374.0,17.513173336379605,0.18693370848968544,0.33099185882144166,0.0,0.0,5.0,5.0,0.0,1.0,78.53981633974483,31.41592653589793,1.0,1.0,3.5449077018110318
ID2504,2504,16,-1.0,217.2426289424082,1157.4764610084696,0.0,342417.09661865234,817,5.0,0,,21.635658914728683,18.0,0.0,74.0,2791.0,16.0233901221855,0.31740933533607296,0.6506458653412586,0.0,0.0,5.0,5.0,0.0,1.0,78.53981633974483,31.41592653589793,1.0,1.0,3.5449077018110318
ID2507,2507,16,-1.0,394.01984766223177,757.518003654869,0.0,311402.5737915039,743,5.0,0,,50.666666666666664,46.0,0.0,160.0,6536.0,31.97932274663323,0.6687933425797504,1.2699085569944526,0.0,0.0,5.0,5.0,0.0,1.0,78.53981633974483,31.41592653589793,1.0,1.0,3.5449077018110318
ID2509,2509,16,-1.0,384.07612910924166,758.6228612718678,0.0,311821.68896484375,744,5.0,0,,33.23255813953488,21.0,0.0,199.0,4287.0,33.711438996074406,0.587484581009713,0.729631263872384,0.0,0.0,5.0,5.0,0.0,1.0,78.53981633974483,31.41592653589793,1.0,1.0,3.5449077018110318
ID2511,2511,16,-1.0,398.4392781302273,751.9937155698744,0.0,311821.68896484375,744,5.0,0,,34.31782945736434,16.0,0.0,196.0,4427.0,41.69700688001404,0.7687537024984392,0.7154261075751996,0.0,0.0,5.0,5.0,0.0,1.0,78.53981633974483,31.41592653589793,1.0,1.0,3.5449077018110318
ID2514,2514,16,-1.0,363.08383438626265,767.461722207859,0.0,342417.09661865234,817,5.0,0,,25.031007751937985,23.0,0.0,93.0,3229.0,18.934895854156466,0.4066505467972477,0.7643293749864066,0.0,0.0,5.0,5.0,0.0,1.0,78.53981633974483,31.41592653589793,1.0,1.0,3.5449077018110318
ID2517,2517,16,-1.0,390.70527481123503,761.9374341228645,0.0,342417.09661865234,817,5.0,0,,29.209302325581394,28.0,0.0,94.0,3768.0,21.51477487195015,0.5339287077322342,0.9451320056382373,0.0,0.0,5.0,5.0,0.0,1.0,78.53981633974483,31.41592653589793,1.0,1.0,3.5449077018110318
ID2454,2454,16,-1.0,702.2751228049241,719.9528446769065,0.0,0.0,0,5.0,0,,69.03100775193798,64.0,0.0,255.0,8905.0,52.97684311100229,0.6454365927174879,1.0222581145211878,0.0,0.0,5.0,5.0,0.0,1.0,78.53981633974483,31.41592653589793,1.0,1.0,3.5449077018110318
ID2456,2456,16,-1.0,704.4848380389218,721.0577022939053,0.0,1257.3455200195312,3,5.0,0,,75.16279069767442,33.0,0.0,255.0,9696.0,83.99272575438403,0.6026904232800744,0.6730322354292637,0.0,0.0,5.0,5.0,0.0,1.0,78.53981633974483,31.41592653589793,1.0,1.0,3.5449077018110318
ID2520,2520,16,-1.0,740.9451393998854,146.53174145447875,0.0,158425.53552246094,378,5.0,0,,89.93798449612403,42.0,0.0,255.0,11602.0,98.40872610714459,0.7494547431282195,0.7830369154793214,0.0,0.0,5.0,5.0,0.0,1.0,78.53981633974483,31.41592653589793,1.0,1.0,3.5449077018110318
ID2458,2458,16,-1.0,701.1702651879251,714.428556591912,0.0,1676.460693359375,4,5.0,0,,40.41085271317829,19.0,0.0,160.0,5213.0,42.72525095067845,0.34616435928887246,0.4864381759325906,0.0,0.0,5.0,5.0,0.0,1.0,78.53981633974483,31.41592653589793,1.0,1.0,3.5449077018110318
ID2522,2522,16,-1.0,733.2111360808932,157.5803176244677,0.0,158844.65069580078,379,5.0,0,,65.14728682170542,43.0,0.0,255.0,8404.0,62.15179260980655,0.8196363150554142,0.944298427265869,0.0,0.0,5.0,5.0,0.0,1.0,78.53981633974483,31.41592653589793,1.0,1.0,3.5449077018110318
ID2460,2460,16,-1.0,706.6945532729197,725.477132761901,0.0,1676.460693359375,4,5.0,0,,44.14728682170543,21.0,0.0,187.0,5695.0,49.35586666863833,0.4024259456528182,0.51333546180111,0.0,0.0,5.0,5.0,0.0,1.0,78.53981633974483,31.41592653589793,1.0,1.0,3.5449077018110318
ID2524,2524,16,-1.0,736.5257089318899,141.00745336948427,0.0,158844.65069580078,379,5.0,0,,67.49612403100775,48.0,0.0,244.0,8707.0,62.577092957283476,0.829773689421616,0.9782632241105674,0.0,0.0,5.0,5.0,0.0,1.0,78.53981633974483,31.41592653589793,1.0,1.0,3.5449077018110318
ID2463,2463,16,-1.0,574.1116392330521,546.4901988080795,0.0,91786.22296142578,219,5.0,0,,79.48062015503876,47.0,0.0,255.0,10253.0,81.81105334618545,0.6118737001955925,0.7375815347023872,0.0,0.0,5.0,5.0,0.0,1.0,78.53981633974483,31.41592653589793,1.0,1.0,3.5449077018110318
ID2528,2528,16,-1.0,749.7840003358767,222.76691702740266,0.0,241829.45501708984,577,5.0,0,,64.51937984496124,48.0,0.0,255.0,8323.0,62.45387057350732,0.6321224985788121,0.8002198453761142,0.0,0.0,5.0,5.0,0.0,1.0,78.53981633974483,31.41592653589793,1.0,1.0,3.5449077018110318
ID2465,2465,16,-1.0,571.9019239990541,553.119344510073,0.0,92205.33813476562,220,5.0,0,,56.12403100775194,30.0,0.0,255.0,7240.0,64.37354461363792,0.7509919215120496,0.7478638673382797,0.0,0.0,5.0,5.0,0.0,1.0,78.53981633974483,31.41592653589793,1.0,1.0,3.5449077018110318
ID2530,2530,16,-1.0,749.7840003358767,228.29120511239717,0.0,242248.5701904297,578,5.0,0,,33.55813953488372,12.0,0.0,171.0,4329.0,40.675335542704836,0.20337079025491633,0.27885975251661216,0.0,0.0,5.0,5.0,0.0,1.0,78.53981633974483,31.41592653589793,1.0,1.0,3.5449077018110318
ID2467,2467,16,-1.0,578.5310697010476,537.6513378720884,0.0,92205.33813476562,220,5.0,0,,50.372093023255815,12.0,0.0,255.0,6498.0,72.42744966596766,0.671150545257557,0.5586260342908909,0.0,0.0,5.0,5.0,0.0,1.0,78.53981633974483,31.41592653589793,1.0,1.0,3.5449077018110318
ID2532,2532,16,-1.0,749.7840003358767,217.2426289424082,0.0,242248.5701904297,578,5.0,0,,23.271317829457363,5.0,0.0,179.0,3002.0,39.57010233788898,0.03062514894390207,0.03495113419994047,0.0,0.0,5.0,5.0,0.0,1.0,78.53981633974483,31.41592653589793,1.0,1.0,3.5449077018110318
ID2471,2471,16,-1.0,765.2520069738613,819.3900302068072,0.0,284998.31787109375,680,5.0,0,,91.32558139534883,79.0,0.0,255.0,11781.0,81.88503400258591,0.8181260724134172,1.003723624208069,0.0,0.0,5.0,5.0,0.0,1.0,78.53981633974483,31.41592653589793,1.0,1.0,3.5449077018110318
ID2536,2536,16,-1.0,585.160215403041,325.5186754083001,0.0,342417.09661865234,817,5.0,0,,32.736434108527135,31.0,0.0,97.0,4223.0,17.687618983630255,0.4594466164114306,1.1653029233387968,0.0,0.0,5.0,5.0,0.0,1.0,78.53981633974483,31.41592653589793,1.0,1.0,3.5449077018110318
ID2473,2473,16,-1.0,759.7277188888668,828.2288911427984,0.0,285417.4330444336,681,5.0,0,,28.46511627906977,7.0,0.0,255.0,3672.0,53.83221133061677,0.618597780786748,0.40417565863924626,0.0,0.0,5.0,5.0,0.0,1.0,78.53981633974483,31.41592653589793,1.0,1.0,3.5449077018110318
ID2539,2539,16,-1.0,764.1471493568623,391.81013242823394,0.0,337806.82971191406,806,5.0,0,,37.248062015503876,28.0,0.0,142.0,4805.0,37.4435055716759,0.5219587970605072,0.6823237712476287,0.0,0.0,5.0,5.0,0.0,1.0,78.53981633974483,31.41592653589793,1.0,1.0,3.5449077018110318
ID2475,2475,16,-1.0,776.3005831438502,829.3337487597973,0.0,285417.4330444336,681,5.0,0,,42.86046511627907,13.0,0.0,255.0,5529.0,62.34828388100973,0.6328180961357212,0.5328481423376847,0.0,0.0,5.0,5.0,0.0,1.0,78.53981633974483,31.41592653589793,1.0,1.0,3.5449077018110318
ID2541,2541,16,-1.0,764.1471493568623,385.1809867262406,0.0,338225.9448852539,807,5.0,0,,25.86046511627907,16.0,0.0,189.0,3336.0,31.98846085554878,0.5660974540878053,0.5844473600553001,0.0,0.0,5.0,5.0,0.0,1.0,78.53981633974483,31.41592653589793,1.0,1.0,3.5449077018110318
ID2543,2543,16,-1.0,766.3568645908601,397.33442051322845,0.0,338225.9448852539,807,5.0,0,,26.503875968992247,15.0,0.0,251.0,3419.0,37.08965574098116,0.6304130428579128,0.5526041381651767,0.0,0.0,5.0,5.0,0.0,1.0,78.53981633974483,31.41592653589793,1.0,1.0,3.5449077018110318
ID2479,2479,16,-1.0,749.7840003358767,789.558874547837,0.0,342417.09661865234,817,5.0,0,,35.3875968992248,31.0,0.0,95.0,4565.0,18.773031720029675,0.4439421292518495,1.1591061928234105,0.0,0.0,5.0,5.0,0.0,1.0,78.53981633974483,31.41592653589793,1.0,1.0,3.5449077018110318
ID2482,2482,16,-1.0,726.5819903788998,767.461722207859,0.0,342417.09661865234,817,5.0,0,,35.8062015503876,34.0,0.0,87.0,4619.0,18.83898779765808,0.5056794242029647,1.276654704582443,0.0,0.0,5.0,5.0,0.0,1.0,78.53981633974483,31.41592653589793,1.0,1.0,3.5449077018110318
ID2547,2547,16,-1.0,765.2520069738613,385.1809867262406,0.0,342417.09661865234,817,5.0,0,,28.8062015503876,25.0,0.0,133.0,3716.0,19.50283533849143,0.6414372397102965,1.154378220815133,0.0,0.0,5.0,5.0,0.0,1.0,78.53981633974483,31.41592653589793,1.0,1.0,3.5449077018110318
ID2485,2485,16,-1.0,441.52872519318436,749.7840003358767,0.0,215844.31427001953,515,5.0,0,,81.10077519379846,72.0,7.0,255.0,10462.0,50.48187251399634,0.7346332717230327,1.3607629210096301,0.0,0.0,5.0,5.0,0.0,1.0,78.53981633974483,31.41592653589793,1.0,1.0,3.5449077018110318
ID2550,2550,16,-1.0,761.9374341228645,367.5032648542582,0.0,342417.09661865234,817,5.0,0,,20.348837209302324,19.0,0.0,66.0,2625.0,15.940147408935863,0.45236229596848065,0.7952225624821257,0.0,0.0,5.0,5.0,0.0,1.0,78.53981633974483,31.41592653589793,1.0,1.0,3.5449077018110318
ID2487,2487,16,-1.0,433.794721874192,735.420851314891,0.0,216263.42944335938,516,5.0,0,,45.95348837209303,17.0,0.0,212.0,5928.0,55.598148078577594,0.7317899781363194,0.6985208759221475,0.0,0.0,5.0,5.0,0.0,1.0,78.53981633974483,31.41592653589793,1.0,1.0,3.5449077018110318
ID2489,2489,16,-1.0,440.42386757618544,753.0985731868734,0.0,216263.42944335938,516,5.0,0,,50.945736434108525,35.0,0.0,195.0,6572.0,49.738740886367836,0.8260297351151692,0.9266823447572613,0.0,0.0,5.0,5.0,0.0,1.0,78.53981633974483,31.41592653589793,1.0,1.0,3.5449077018110318
ID2553,2553,16,-1.0,626.0399472320001,487.93274510713803,0.0,342417.09661865234,817,5.0,0,,42.2093023255814,42.0,0.0,125.0,5445.0,27.27311932637515,0.4076195524716982,0.8963406114532654,0.0,0.0,5.0,5.0,0.0,1.0,78.53981633974483,31.41592653589793,1.0,1.0,3.5449077018110318
ID2494,2494,16,-1.0,324.4138177913012,919.9320733537069,0.0,300505.57928466797,717,5.0,0,,54.0,33.0,0.0,255.0,6966.0,56.55970296951709,0.6661742983751846,0.7634561144548823,0.0,0.0,5.0,5.0,0.0,1.0,78.53981633974483,31.41592653589793,1.0,1.0,3.5449077018110318
ID2625,2625,20,-1.0,1135.3793086684918,532.1270497870938,0.0,207042.8956298828,494,5.0,0,,58.37984496124031,35.0,0.0,255.0,7531.0,62.537637891918926,0.3160824408300971,0.4484032328220871,0.0,0.0,5.0,5.0,0.0,1.0,78.53981633974483,31.41592653589793,1.0,1.0,3.5449077018110318
ID2595,2595,20,-1.0,1056.9344178615702,819.3900302068072,0.0,0.0,0,5.0,0,,60.651162790697676,59.0,0.0,191.0,7824.0,34.99813637064987,0.4304951477201031,1.0430522873659844,0.0,0.0,5.0,5.0,0.0,1.0,78.53981633974483,31.41592653589793,1.0,1.0,3.5449077018110318
ID2659,2659,20,-1.0,1526.4989050861016,637.0885234019892,0.0,236380.95776367188,564,5.0,0,,57.62015503875969,54.0,0.0,175.0,7433.0,42.26223820505459,0.745349448272438,1.16447311442338,0.0,0.0,5.0,5.0,0.0,1.0,78.53981633974483,31.41592653589793,1.0,1.0,3.5449077018110318
ID2629,2629,20,-1.0,1038.1518383725888,722.1625599109043,0.0,81308.34362792969,194,5.0,0,,75.89147286821705,77.0,0.0,193.0,9790.0,39.7492610603639,0.5183061974968636,1.3035297720366785,0.0,0.0,5.0,5.0,0.0,1.0,78.53981633974483,31.41592653589793,1.0,1.0,3.5449077018110318
ID2631,2631,20,-1.0,1034.8372655215921,719.9528446769065,0.0,81727.45880126953,195,5.0,0,,56.434108527131784,44.0,0.0,247.0,7280.0,53.48946230351713,0.5675432061082691,0.7639814989928315,0.0,0.0,5.0,5.0,0.0,1.0,78.53981633974483,31.41592653589793,1.0,1.0,3.5449077018110318
ID2664,2664,20,-1.0,1528.7086203200993,635.9836657849902,0.0,236800.07293701172,565,5.0,0,,42.248062015503876,21.0,0.0,255.0,5450.0,49.6885661847484,0.8416348598507962,0.7771422332559131,0.0,0.0,5.0,5.0,0.0,1.0,78.53981633974483,31.41592653589793,1.0,1.0,3.5449077018110318
ID2600,2600,20,-1.0,1076.8218549675503,705.5896956559208,0.0,18860.18280029297,45,5.0,0,,113.24806201550388,95.0,4.0,255.0,14609.0,75.74783732553774,0.7181204526993149,1.249781883205591,0.0,0.0,5.0,5.0,0.0,1.0,78.53981633974483,31.41592653589793,1.0,1.0,3.5449077018110318
ID2633,2633,20,-1.0,1039.2566959895878,729.8965632298965,0.0,81727.45880126953,195,5.0,0,,44.49612403100775,38.0,0.0,166.0,5740.0,35.14370588006472,0.1508722833795835,0.33196091603939043,0.0,0.0,5.0,5.0,0.0,1.0,78.53981633974483,31.41592653589793,1.0,1.0,3.5449077018110318
ID2602,2602,20,-1.0,1077.926712584549,694.5411194859317,0.0,19279.297973632812,46,5.0,0,,69.62790697674419,41.0,0.0,255.0,8982.0,74.26284293047419,0.8810177851743429,0.8782811037635397,0.0,0.0,5.0,5.0,0.0,1.0,78.53981633974483,31.41592653589793,1.0,1.0,3.5449077018110318
ID2666,2666,20,-1.0,1537.5474812560904,623.8302319980024,0.0,236800.07293701172,565,5.0,0,,30.511627906976745,16.0,0.0,171.0,3936.0,38.28248544518061,0.7113528308792283,0.6625837120098824,0.0,0.0,5.0,5.0,0.0,1.0,78.53981633974483,31.41592653589793,1.0,1.0,3.5449077018110318
ID2604,2604,20,-1.0,1077.926712584549,713.3236989749131,0.0,19279.297973632812,46,5.0,0,,68.15503875968992,24.0,0.0,255.0,8792.0,82.85175481058802,0.8558149861717366,0.7587024093507712,0.0,0.0,5.0,5.0,0.0,1.0,78.53981633974483,31.41592653589793,1.0,1.0,3.5449077018110318
ID2670,2670,20,-1.0,1429.2714347901983,681.282828081945,0.0,342417.09661865234,817,5.0,0,,24.031007751937985,21.0,0.0,96.0,3100.0,20.104779431959745,0.3406361350665602,0.607410733208795,0.0,0.0,5.0,5.0,0.0,1.0,78.53981633974483,31.41592653589793,1.0,1.0,3.5449077018110318
ID2640,2640,20,-1.0,965.2312356506616,686.8071161669395,0.0,342417.09661865234,817,5.0,0,,32.054263565891475,29.0,0.0,145.0,4135.0,27.59905741073851,0.5546068712231845,0.8286787692500986,0.0,0.0,5.0,5.0,0.0,1.0,78.53981633974483,31.41592653589793,1.0,1.0,3.5449077018110318
ID2675,2675,20,-1.0,1393.9159910462338,711.1139837409153,0.0,342417.09661865234,817,5.0,0,,25.550387596899224,22.0,0.0,131.0,3296.0,26.139936292574333,0.424100856037567,0.582172068747987,0.0,0.0,5.0,5.0,0.0,1.0,78.53981633974483,31.41592653589793,1.0,1.0,3.5449077018110318
ID2645,2645,20,-1.0,1212.7193418584147,1025.998404585601,0.0,342417.09661865234,817,5.0,0,,43.86046511627907,43.0,0.0,128.0,5658.0,26.522909963029633,0.2560416592865493,0.6741998422099675,0.0,0.0,5.0,5.0,0.0,1.0,78.53981633974483,31.41592653589793,1.0,1.0,3.5449077018110318
ID2648,2648,20,-1.0,1050.3052721595768,550.9096292760752,0.0,342417.09661865234,817,5.0,0,,37.27906976744186,36.0,0.0,122.0,4809.0,22.663633019176494,0.5102879988172841,1.1115298146894546,0.0,0.0,5.0,5.0,0.0,1.0,78.53981633974483,31.41592653589793,1.0,1.0,3.5449077018110318
ID2621,2621,20,-1.0,1132.0647358174951,535.4416226380906,0.0,206623.78045654297,493,5.0,0,,75.34108527131782,63.0,0.0,255.0,9719.0,64.13614621988123,0.32942643414201583,0.5821744507198875,0.0,0.0,5.0,5.0,0.0,1.0,78.53981633974483,31.41592653589793,1.0,1.0,3.5449077018110318
ID2623,2623,20,-1.0,1121.0161596475061,536.5464802550895,0.0,207042.8956298828,494,5.0,0,,44.29457364341085,17.0,0.0,236.0,5714.0,56.84042947981316,0.6971481745378482,0.640218919126674,0.0,0.0,5.0,5.0,0.0,1.0,78.53981633974483,31.41592653589793,1.0,1.0,3.5449077018110318
ID2689,2689,25,-1.0,855.8503315677707,428.27043378919757,0.0,98911.18090820312,236,5.0,0,,30.496124031007753,23.0,0.0,145.0,3934.0,30.51206831705278,0.3949953340900013,0.5660075227207234,0.0,0.0,5.0,5.0,0.0,1.0,78.53981633974483,31.41592653589793,1.0,1.0,3.5449077018110318
ID2753,2753,25,-1.0,716.6382718259098,20.57797311660446,0.0,342417.09661865234,817,5.0,0,,18.3953488372093,18.0,0.0,51.0,2373.0,11.168747275217324,0.40744666755001985,0.953613482666813,0.0,0.0,5.0,5.0,0.0,1.0,78.53981633974483,31.41592653589793,1.0,1.0,3.5449077018110318
ID2691,2691,25,-1.0,862.4794772697642,418.32671523620746,0.0,98911.18090820312,236,5.0,0,,34.76744186046512,34.0,0.0,114.0,4485.0,27.277082765318703,0.42787107197016855,0.7638863354965475,0.0,0.0,5.0,5.0,0.0,1.0,78.53981633974483,31.41592653589793,1.0,1.0,3.5449077018110318
ID2756,2756,25,-1.0,582.9505001690432,243.75921175038172,0.0,342417.09661865234,817,5.0,0,,13.713178294573643,13.0,0.0,51.0,1769.0,11.061754069801733,0.15645741637276114,0.3354367396609518,0.0,0.0,5.0,5.0,0.0,1.0,78.53981633974483,31.41592653589793,1.0,1.0,3.5449077018110318
ID2759,2759,25,-1.0,858.0600468017686,243.75921175038172,0.0,321042.2227783203,766,5.0,0,,34.82170542635659,25.0,0.0,208.0,4492.0,34.64698075148538,0.5943731294464365,0.7493484947328933,0.0,0.0,5.0,5.0,0.0,1.0,78.53981633974483,31.41592653589793,1.0,1.0,3.5449077018110318
ID2696,2696,25,-1.0,1207.19505377342,536.5464802550895,0.0,165131.37829589844,394,5.0,0,,55.798449612403104,48.0,0.0,188.0,7198.0,40.3882292268121,0.5772691709780393,1.011276383249952,0.0,0.0,5.0,5.0,0.0,1.0,78.53981633974483,31.41592653589793,1.0,1.0,3.5449077018110318
ID2761,2761,25,-1.0,852.535758716774,238.2349236653872,0.0,321461.33795166016,767,5.0,0,,21.891472868217054,17.0,0.0,96.0,2824.0,20.71542311527721,0.3392554548705204,0.5353953376479234,0.0,0.0,5.0,5.0,0.0,1.0,78.53981633974483,31.41592653589793,1.0,1.0,3.5449077018110318
ID2698,2698,25,-1.0,1193.9367623694334,543.1756259570828,0.0,165550.49346923828,395,5.0,0,,36.52713178294574,25.0,0.0,193.0,4712.0,37.962373954223544,0.7180420833579801,0.8042819178984719,0.0,0.0,5.0,5.0,0.0,1.0,78.53981633974483,31.41592653589793,1.0,1.0,3.5449077018110318
ID2763,2763,25,-1.0,861.3746196527653,247.07378460137843,0.0,321461.33795166016,767,5.0,0,,19.713178294573645,9.0,0.0,131.0,2543.0,27.068256835281716,0.3970496164998221,0.41396088559955363,0.0,0.0,5.0,5.0,0.0,1.0,78.53981633974483,31.41592653589793,1.0,1.0,3.5449077018110318
ID2700,2700,25,-1.0,1203.8804809224234,534.3367650210918,0.0,165550.49346923828,395,5.0,0,,36.775193798449614,31.0,0.0,152.0,4744.0,31.18449141552514,0.6466694699760489,0.9262372108868557,0.0,0.0,5.0,5.0,0.0,1.0,78.53981633974483,31.41592653589793,1.0,1.0,3.5449077018110318
ID2768,2768,25,-1.0,818.2851725898083,165.31432094346002,0.0,342417.09661865234,817,5.0,0,,13.286821705426357,12.0,0.0,65.0,1714.0,11.90797644861524,0.1700083511855053,0.3242607849616434,0.0,0.0,5.0,5.0,0.0,1.0,78.53981633974483,31.41592653589793,1.0,1.0,3.5449077018110318
ID2706,2706,25,-1.0,1164.105606710463,391.81013242823394,0.0,303439.3854980469,724,5.0,0,,32.87596899224806,26.0,0.0,155.0,4241.0,34.26824508380946,0.43700332032209244,0.5835037596587965,0.0,0.0,5.0,5.0,0.0,1.0,78.53981633974483,31.41592653589793,1.0,1.0,3.5449077018110318
ID2708,2708,25,-1.0,1166.315321944461,398.4392781302273,0.0,303858.5006713867,725,5.0,0,,29.906976744186046,21.0,0.0,101.0,3858.0,27.126279307523305,0.40413397373724463,0.6346424139970169,0.0,0.0,5.0,5.0,0.0,1.0,78.53981633974483,31.41592653589793,1.0,1.0,3.5449077018110318
ID2772,2772,25,-1.0,904.4640667157223,276.90494026034867,0.0,342417.09661865234,817,5.0,0,,14.511627906976743,14.0,0.0,56.0,1872.0,11.160838537514334,0.22665105190514032,0.48049183031710807,0.0,0.0,5.0,5.0,0.0,1.0,78.53981633974483,31.41592653589793,1.0,1.0,3.5449077018110318
ID2710,2710,25,-1.0,1160.7910338594663,385.1809867262406,0.0,303858.5006713867,725,5.0,0,,30.829457364341085,21.0,0.0,124.0,3977.0,30.679829497317876,0.21324519430679767,0.3532430350922512,0.0,0.0,5.0,5.0,0.0,1.0,78.53981633974483,31.41592653589793,1.0,1.0,3.5449077018110318
ID2776,2776,25,-1.0,1102.233580158525,312.2603840043133,0.0,342417.09661865234,817,5.0,0,,24.333333333333332,21.0,0.0,78.0,3139.0,15.854481490522907,0.25648889906157013,0.6265986793108876,0.0,0.0,5.0,5.0,0.0,1.0,78.53981633974483,31.41592653589793,1.0,1.0,3.5449077018110318
ID2715,2715,25,-1.0,1209.404769007418,409.4878543002163,0.0,342417.09661865234,817,5.0,0,,20.496124031007753,19.0,0.0,72.0,2644.0,13.309491462279695,0.3790566343962369,0.8465688308742124,0.0,0.0,5.0,5.0,0.0,1.0,78.53981633974483,31.41592653589793,1.0,1.0,3.5449077018110318
ID2782,2782,25,-1.0,1606.0486535100222,346.5109701312792,0.0,245601.49157714844,586,5.0,0,,23.085271317829456,21.0,0.0,81.0,2978.0,16.684588232741135,0.3972985654244327,0.7868234041015963,0.0,0.0,5.0,5.0,0.0,1.0,78.53981633974483,31.41592653589793,1.0,1.0,3.5449077018110318
ID2719,2719,25,-1.0,1102.233580158525,411.6975695342141,0.0,342417.09661865234,817,5.0,0,,14.891472868217054,14.0,0.0,60.0,1921.0,12.16503719044711,0.14935490646621136,0.31814093223747303,0.0,0.0,5.0,5.0,0.0,1.0,78.53981633974483,31.41592653589793,1.0,1.0,3.5449077018110318
ID2724,2724,25,-1.0,1124.3307324985028,323.30896017430234,0.0,212910.50805664062,508,5.0,0,,38.10852713178294,33.0,0.0,127.0,4916.0,26.348398999653874,0.47531008061297786,0.9319479199758518,0.0,0.0,5.0,5.0,0.0,1.0,78.53981633974483,31.41592653589793,1.0,1.0,3.5449077018110318
ID2726,2726,25,-1.0,1118.8064444135084,324.4138177913012,0.0,213329.62322998047,509,5.0,0,,28.11627906976744,20.0,0.0,140.0,3627.0,28.476039244363175,0.49152497883705504,0.6507637009405005,0.0,0.0,5.0,5.0,0.0,1.0,78.53981633974483,31.41592653589793,1.0,1.0,3.5449077018110318
ID2728,2728,25,-1.0,1132.0647358174951,321.0992449403045,0.0,213329.62322998047,509,5.0,0,,23.558139534883722,13.0,0.0,116.0,3039.0,27.953618665776137,0.4454897704373038,0.5194642477579693,0.0,0.0,5.0,5.0,0.0,1.0,78.53981633974483,31.41592653589793,1.0,1.0,3.5449077018110318
ID2732,2732,25,-1.0,558.6436325950674,321.0992449403045,0.0,208300.24114990234,497,5.0,0,,48.68217054263566,46.0,0.0,158.0,6280.0,33.58082239540804,0.6764281051331594,1.1698907633740103,0.0,0.0,5.0,5.0,0.0,1.0,78.53981633974483,31.41592653589793,1.0,1.0,3.5449077018110318
ID2734,2734,25,-1.0,548.6999140420774,311.15552638731447,0.0,208719.3563232422,498,5.0,0,,52.310077519379846,51.0,8.0,130.0,6748.0,26.65280193103895,0.3508836987914313,1.0195715741938964,0.0,0.0,5.0,5.0,0.0,1.0,78.53981633974483,31.41592653589793,1.0,1.0,3.5449077018110318
ID2736,2736,25,-1.0,558.6436325950674,319.99438732330566,0.0,208719.3563232422,498,5.0,0,,30.155038759689923,26.0,0.0,130.0,3890.0,25.76833376828619,0.595898306545721,0.873917602291105,0.0,0.0,5.0,5.0,0.0,1.0,78.53981633974483,31.41592653589793,1.0,1.0,3.5449077018110318
ID2741,2741,25,-1.0,631.5642353169947,102.33743677452286,0.0,315593.72552490234,753,5.0,0,,29.813953488372093,27.0,0.0,94.0,3846.0,19.23000887360871,0.4315833240524186,0.9347987122146276,0.0,0.0,5.0,5.0,0.0,1.0,78.53981633974483,31.41592653589793,1.0,1.0,3.5449077018110318
ID2677,2677,25,-1.0,886.78634484374,386.2858443432395,0.0,0.0,0,5.0,0,,23.05426356589147,21.0,0.0,59.0,2974.0,11.856110026532322,0.20692841045478483,0.6667724386824755,0.0,0.0,5.0,5.0,0.0,1.0,78.53981633974483,31.41592653589793,1.0,1.0,3.5449077018110318
ID2679,2679,25,-1.0,883.4717719927434,355.3498310672703,0.0,12154.340026855469,29,5.0,0,,44.651162790697676,34.0,0.0,185.0,5760.0,45.80745217121996,0.5117018057624837,0.6598989687809806,0.0,0.0,5.0,5.0,0.0,1.0,78.53981633974483,31.41592653589793,1.0,1.0,3.5449077018110318
ID2743,2743,25,-1.0,629.3545200829968,99.02286392352617,0.0,316012.8406982422,754,5.0,0,,26.751937984496124,22.0,0.0,87.0,3451.0,21.681656636339483,0.5733075960540484,0.8992218243546343,0.0,0.0,5.0,5.0,0.0,1.0,78.53981633974483,31.41592653589793,1.0,1.0,3.5449077018110318
ID2745,2745,25,-1.0,642.6128114869837,103.44229439152176,0.0,316012.8406982422,754,5.0,0,,45.72093023255814,40.0,0.0,138.0,5898.0,30.748469663186604,0.3169161811326267,0.7156617855030746,0.0,0.0,5.0,5.0,0.0,1.0,78.53981633974483,31.41592653589793,1.0,1.0,3.5449077018110318
ID2681,2681,25,-1.0,884.5766296097421,363.08383438626265,0.0,12573.455200195312,30,5.0,0,,37.89922480620155,24.0,0.0,243.0,4889.0,41.192164940912974,0.7343168522990315,0.7791135471613903,0.0,0.0,5.0,5.0,0.0,1.0,78.53981633974483,31.41592653589793,1.0,1.0,3.5449077018110318
ID2683,2683,25,-1.0,888.9960600777376,348.72068536527695,0.0,12573.455200195312,30,5.0,0,,35.395348837209305,29.0,0.0,162.0,4566.0,32.51067579577014,0.753485771190011,0.9356706454985418,0.0,0.0,5.0,5.0,0.0,1.0,78.53981633974483,31.41592653589793,1.0,1.0,3.5449077018110318
ID2749,2749,25,-1.0,728.7917056128977,807.2365964198193,0.0,342417.09661865234,817,5.0,0,,19.674418604651162,20.0,0.0,53.0,2538.0,12.429276672624646,0.2320491741370996,0.596263236189251,0.0,0.0,5.0,5.0,0.0,1.0,78.53981633974483,31.41592653589793,1.0,1.0,3.5449077018110318
ID2687,2687,25,-1.0,858.0600468017686,426.06071855519974,0.0,98492.06573486328,235,5.0,0,,52.98449612403101,37.0,0.0,221.0,6835.0,53.895875377916795,0.5853288791272784,0.7259452285818281,0.0,0.0,5.0,5.0,0.0,1.0,78.53981633974483,31.41592653589793,1.0,1.0,3.5449077018110318
ID3105,3105,27,-1.0,685.9784729541904,452.57730136317326,0.0,251049.9888305664,599,5.0,1,,51.08527131782946,20.0,0.0,245.0,6590.0,62.58407233071465,0.8425828462901869,0.7465303531034746,0.0,0.0,5.0,5.0,0.0,1.0,78.53981633974483,31.41592653589793,1.0,1.0,3.5449077018110318
ID3074,3074,27,-1.0,911.7169087595254,723.3821203034083,0.0,224645.73291015625,536,5.0,1,,65.24806201550388,55.0,0.0,249.0,8417.0,50.023436852100865,0.6375562639738264,1.0156553777785462,0.0,0.0,5.0,5.0,0.0,1.0,78.53981633974483,31.41592653589793,1.0,1.0,3.5449077018110318
ID3107,3107,27,-1.0,703.6561948261726,447.0530132781788,0.0,251049.9888305664,599,5.0,1,,37.17829457364341,19.0,0.0,164.0,4796.0,43.733470022327275,0.5036852168561877,0.5695184481172644,0.0,0.0,5.0,5.0,0.0,1.0,78.53981633974483,31.41592653589793,1.0,1.0,3.5449077018110318
ID3076,3076,27,-1.0,910.4859624297469,714.7654959949585,0.0,225064.8480834961,537,5.0,1,,31.26356589147287,12.0,0.0,183.0,4033.0,42.8265979306094,0.24352460774115406,0.2859192525644082,0.0,0.0,5.0,5.0,0.0,1.0,78.53981633974483,31.41592653589793,1.0,1.0,3.5449077018110318
ID3078,3078,27,-1.0,910.4859624297469,725.8440129629655,0.0,225064.8480834961,537,5.0,1,,39.62015503875969,32.0,0.0,167.0,5111.0,34.89855696301461,0.3114187583211807,0.5391903043251947,0.0,0.0,5.0,5.0,0.0,1.0,78.53981633974483,31.41592653589793,1.0,1.0,3.5449077018110318
ID3111,3111,27,-1.0,446.22437006542964,580.7407849350454,0.0,342417.09661865234,817,5.0,1,,33.29457364341085,33.0,0.0,104.0,4295.0,18.29335735860458,0.4701352045182269,1.1640604415019857,0.0,0.0,5.0,5.0,0.0,1.0,78.53981633974483,31.41592653589793,1.0,1.0,3.5449077018110318
ID3113,3113,27,-1.0,816.3516717600602,495.66674842613025,0.0,342417.09661865234,817,5.0,1,,30.852713178294575,32.0,0.0,92.0,3980.0,16.918047304946363,0.41924268425861955,1.0774123543776417,0.0,0.0,5.0,5.0,0.0,1.0,78.53981633974483,31.41592653589793,1.0,1.0,3.5449077018110318
ID3082,3082,27,-1.0,930.1811037062035,916.6406940786396,0.0,336130.3690185547,802,5.0,1,,46.53488372093023,38.0,0.0,174.0,6003.0,35.68482838328056,0.556190314660798,0.9321498416052513,0.0,0.0,5.0,5.0,0.0,1.0,78.53981633974483,31.41592653589793,1.0,1.0,3.5449077018110318
ID3084,3084,27,-1.0,926.4882647168679,920.3335330679753,0.0,336549.48419189453,803,5.0,1,,26.186046511627907,11.0,0.0,151.0,3378.0,33.38851960298733,0.324185903220106,0.3840147739989367,0.0,0.0,5.0,5.0,0.0,1.0,78.53981633974483,31.41592653589793,1.0,1.0,3.5449077018110318
ID3086,3086,27,-1.0,935.1048890253178,910.4859624297469,0.0,336549.48419189453,803,5.0,1,,23.550387596899224,11.0,0.0,125.0,3038.0,30.454361664297693,0.23457361207631675,0.2938601657707203,0.0,0.0,5.0,5.0,0.0,1.0,78.53981633974483,31.41592653589793,1.0,1.0,3.5449077018110318
ID3090,3090,27,-1.0,936.3358353550964,894.4836601426258,0.0,342417.09661865234,817,5.0,1,,25.155038759689923,21.0,0.0,100.0,3245.0,20.4971223637319,0.556755046356754,0.8778210130107644,0.0,0.0,5.0,5.0,0.0,1.0,78.53981633974483,31.41592653589793,1.0,1.0,3.5449077018110318
ID3093,3093,27,-1.0,946.1834059933246,916.6406940786396,0.0,342417.09661865234,817,5.0,1,,25.449612403100776,22.0,0.0,72.0,3283.0,14.92112661228518,0.4351729021021706,1.0343491719710427,0.0,0.0,5.0,5.0,0.0,1.0,78.53981633974483,31.41592653589793,1.0,1.0,3.5449077018110318
ID3063,3063,27,-1.0,809.5483633879064,713.5345496651801,0.0,0.0,0,5.0,1,,37.89922480620155,37.0,0.0,94.0,4889.0,24.624316285318052,0.42478940288738065,0.9177388979844338,0.0,0.0,5.0,5.0,0.0,1.0,78.53981633974483,31.41592653589793,1.0,1.0,3.5449077018110318
ID3095,3095,27,-1.0,926.8374334599499,613.8865134450124,0.0,262366.0985107422,626,5.0,1,,45.565891472868216,38.0,0.0,226.0,5878.0,40.14657616185196,0.7392995986464153,0.9648669436382334,0.0,0.0,5.0,5.0,0.0,1.0,78.53981633974483,31.41592653589793,1.0,1.0,3.5449077018110318
ID3097,3097,27,-1.0,929.0471486939476,616.0962286790101,0.0,262785.21368408203,627,5.0,1,,30.2015503875969,13.0,0.0,138.0,3896.0,36.782167011712616,0.45888248639109586,0.5165389717786993,0.0,0.0,5.0,5.0,0.0,1.0,78.53981633974483,31.41592653589793,1.0,1.0,3.5449077018110318
ID3066,3066,27,-1.0,807.0864707283492,704.9179253567303,0.0,44426.20837402344,106,5.0,1,,79.55038759689923,84.0,0.0,201.0,10262.0,48.40502318334166,0.7432680402380344,1.4014033586565742,0.0,0.0,5.0,5.0,0.0,1.0,78.53981633974483,31.41592653589793,1.0,1.0,3.5449077018110318
ID3099,3099,27,-1.0,932.3617215449443,603.9427948920222,0.0,262785.21368408203,627,5.0,1,,4.976744186046512,0.0,0.0,44.0,642.0,7.743409613462306,-0.5883394214732275,-1.8370955668929634,0.0,0.0,5.0,5.0,0.0,1.0,78.53981633974483,31.41592653589793,1.0,1.0,3.5449077018110318
ID3068,3068,27,-1.0,803.3936317390137,688.9156230696092,0.0,44845.32354736328,107,5.0,1,,45.395348837209305,13.0,0.0,255.0,5856.0,66.03637948659568,0.7603215795002664,0.5938317345417071,0.0,0.0,5.0,5.0,0.0,1.0,78.53981633974483,31.41592653589793,1.0,1.0,3.5449077018110318
ID3070,3070,27,-1.0,804.6245780687923,708.6107643460659,0.0,44845.32354736328,107,5.0,1,,49.6124031007752,25.0,0.0,255.0,6400.0,58.17072261852383,0.8089628758179761,0.7628071201666219,0.0,0.0,5.0,5.0,0.0,1.0,78.53981633974483,31.41592653589793,1.0,1.0,3.5449077018110318
ID3103,3103,27,-1.0,702.5513372091739,442.6335828101832,0.0,250630.87365722656,598,5.0,1,,66.87596899224806,54.0,0.0,255.0,8627.0,53.18379213749271,0.7325879359609186,1.063372095306853,0.0,0.0,5.0,5.0,0.0,1.0,78.53981633974483,31.41592653589793,1.0,1.0,3.5449077018110318
ID3136,3136,28,-1.0,1022.9600461388541,853.6406163337731,0.0,261946.98333740234,625,5.0,1,,45.37984496124031,41.0,0.0,137.0,5854.0,34.161426025574166,0.46093171313196746,0.8382309359316389,0.0,0.0,5.0,5.0,0.0,1.0,78.53981633974483,31.41592653589793,1.0,1.0,3.5449077018110318
ID3138,3138,28,-1.0,1031.7989070748454,845.9066130147808,0.0,261946.98333740234,625,5.0,1,,42.93798449612403,32.0,0.0,171.0,5539.0,38.14092944634422,0.6075011326877079,0.8508954137729655,0.0,0.0,5.0,5.0,0.0,1.0,78.53981633974483,31.41592653589793,1.0,1.0,3.5449077018110318
ID3141,3141,28,-1.0,1446.1205134494317,801.7123083348248,0.0,342417.09661865234,817,5.0,1,,31.728682170542637,30.0,0.0,81.0,4093.0,17.096578576750606,0.35322084689293515,0.9688364533969518,0.0,0.0,5.0,5.0,0.0,1.0,78.53981633974483,31.41592653589793,1.0,1.0,3.5449077018110318
ID3144,3144,28,-1.0,557.8149893823183,1180.6784709654466,0.0,342417.09661865234,817,5.0,1,,25.488372093023255,22.0,0.0,94.0,3288.0,17.075254518175274,0.34030868704740563,0.7580068170163335,0.0,0.0,5.0,5.0,0.0,1.0,78.53981633974483,31.41592653589793,1.0,1.0,3.5449077018110318
ID3147,3147,28,-1.0,817.4565293770592,581.8456425520443,0.0,342417.09661865234,817,5.0,1,,49.06976744186046,45.0,0.0,123.0,6330.0,24.138333765542807,0.23618685530867276,0.7767983775440434,0.0,0.0,5.0,5.0,0.0,1.0,78.53981633974483,31.41592653589793,1.0,1.0,3.5449077018110318
ID3116,3116,28,-1.0,669.4056086992069,318.8895297063067,0.0,0.0,0,5.0,1,,45.248062015503876,44.0,6.0,118.0,5837.0,21.980826519858713,0.37246572528385474,1.1173024911543543,0.0,0.0,5.0,5.0,0.0,1.0,78.53981633974483,31.41592653589793,1.0,1.0,3.5449077018110318
ID3119,3119,28,-1.0,879.3285559289973,643.7176691039825,0.0,67896.65808105469,162,5.0,1,,101.88372093023256,96.0,0.0,255.0,13143.0,83.85894294019279,0.6840921475432128,0.9870386615963549,0.0,0.0,5.0,5.0,0.0,1.0,78.53981633974483,31.41592653589793,1.0,1.0,3.5449077018110318
ID3121,3121,28,-1.0,866.0702645250104,627.1448048489991,0.0,68315.77325439453,163,5.0,1,,69.92248062015504,61.0,0.0,255.0,9020.0,55.41894593727357,0.7491172592734515,1.0807355551077567,0.0,0.0,5.0,5.0,0.0,1.0,78.53981633974483,31.41592653589793,1.0,1.0,3.5449077018110318
ID3123,3123,28,-1.0,872.6994102270039,638.193381018988,0.0,68315.77325439453,163,5.0,1,,63.24031007751938,44.0,0.0,255.0,8158.0,61.979428945442066,0.6711570883021216,0.8195648460404973,0.0,0.0,5.0,5.0,0.0,1.0,78.53981633974483,31.41592653589793,1.0,1.0,3.5449077018110318
ID3126,3126,28,-1.0,626.31616163625,1112.177298711515,0.0,168903.41485595703,403,5.0,1,,84.92248062015504,41.0,0.0,255.0,10955.0,87.06244278561478,0.6295885438075453,0.7537037444765509,0.0,0.0,5.0,5.0,0.0,1.0,78.53981633974483,31.41592653589793,1.0,1.0,3.5449077018110318
ID3128,3128,28,-1.0,629.6307344872466,1111.072441094516,0.0,169322.53002929688,404,5.0,1,,58.68217054263566,42.0,0.0,255.0,7570.0,54.8054776710498,0.677749215890731,0.8650758274831185,0.0,0.0,5.0,5.0,0.0,1.0,78.53981633974483,31.41592653589793,1.0,1.0,3.5449077018110318
ID3130,3130,28,-1.0,637.3647378062388,1101.128722541526,0.0,169322.53002929688,404,5.0,1,,59.86046511627907,45.0,0.0,209.0,7722.0,54.047974086981064,0.775915092885506,0.9677934189121996,0.0,0.0,5.0,5.0,0.0,1.0,78.53981633974483,31.41592653589793,1.0,1.0,3.5449077018110318
ID3132,3132,28,-1.0,516.935257553359,902.2543514817245,0.0,342417.09661865234,817,5.0,1,,36.627906976744185,33.0,1.0,99.0,4725.0,18.356312677558073,0.23471719513618997,0.7586370728035698,0.0,0.0,5.0,5.0,0.0,1.0,78.53981633974483,31.41592653589793,1.0,1.0,3.5449077018110318
ID3134,3134,28,-1.0,1032.9037646918441,847.0114706317796,0.0,261527.8681640625,624,5.0,1,,49.87596899224806,43.0,0.0,152.0,6434.0,37.40070348434679,0.46485685731266146,0.8463804517646458,0.0,0.0,5.0,5.0,0.0,1.0,78.53981633974483,31.41592653589793,1.0,1.0,3.5449077018110318
ID3169,3169,30,-1.0,1395.2970630674824,732.1062784638943,0.0,341997.9814453125,816,5.0,1,,28.53488372093023,18.0,0.0,153.0,3681.0,30.007302890199682,0.6245017535458246,0.7311266567460964,0.0,0.0,5.0,5.0,0.0,1.0,78.53981633974483,31.41592653589793,1.0,1.0,3.5449077018110318
ID3201,3201,30,-1.0,978.765741458898,421.64128808720415,0.0,342417.09661865234,817,5.0,1,,20.100775193798448,18.0,0.0,66.0,2593.0,13.631217022679223,0.4988542996623239,0.9815727011525146,0.0,0.0,5.0,5.0,0.0,1.0,78.53981633974483,31.41592653589793,1.0,1.0,3.5449077018110318
ID3171,3171,30,-1.0,1394.1922054504835,732.1062784638943,0.0,342417.09661865234,817,5.0,1,,23.94573643410853,18.0,0.0,107.0,3089.0,24.225280596130162,0.45871055535077015,0.621668676920999,0.0,0.0,5.0,5.0,0.0,1.0,78.53981633974483,31.41592653589793,1.0,1.0,3.5449077018110318
ID3173,3173,30,-1.0,1404.1359240034735,727.6868479958987,0.0,342417.09661865234,817,5.0,1,,4.069767441860465,0.0,0.0,52.0,525.0,8.993214496315776,-0.404952997617099,-0.6159393967085165,0.0,0.0,5.0,5.0,0.0,1.0,78.53981633974483,31.41592653589793,1.0,1.0,3.5449077018110318
ID3177,3177,30,-1.0,1364.3610497915133,664.7099638269616,0.0,342417.09661865234,817,5.0,1,,20.674418604651162,21.0,0.0,76.0,2667.0,15.96096938173403,0.3158186864014801,0.6217929730514247,0.0,0.0,5.0,5.0,0.0,1.0,78.53981633974483,31.41592653589793,1.0,1.0,3.5449077018110318
ID3180,3180,30,-1.0,1125.7118045197515,725.477132761901,0.0,209976.70184326172,501,5.0,1,,50.83720930232558,25.0,0.0,213.0,6558.0,53.08421827295908,0.7096703740143149,0.7950428950824359,0.0,0.0,5.0,5.0,0.0,1.0,78.53981633974483,31.41592653589793,1.0,1.0,3.5449077018110318
ID3150,3150,30,-1.0,1325.6910331965519,686.8071161669395,0.0,0.0,0,5.0,1,,32.713178294573645,28.0,0.0,82.0,4220.0,17.14423818957189,0.5570649200649039,1.365317430376203,0.0,0.0,5.0,5.0,0.0,1.0,78.53981633974483,31.41592653589793,1.0,1.0,3.5449077018110318
ID3182,3182,30,-1.0,1126.8166621367502,722.1625599109043,0.0,210395.81701660156,502,5.0,1,,33.674418604651166,24.0,0.0,178.0,4344.0,35.92334782011068,0.7167569272003469,0.7827379475216947,0.0,0.0,5.0,5.0,0.0,1.0,78.53981633974483,31.41592653589793,1.0,1.0,3.5449077018110318
ID3184,3184,30,-1.0,1133.4458078387436,735.420851314891,0.0,210395.81701660156,502,5.0,1,,31.953488372093023,18.0,0.0,164.0,4122.0,36.94566543949969,0.738397760310111,0.7347269946523595,0.0,0.0,5.0,5.0,0.0,1.0,78.53981633974483,31.41592653589793,1.0,1.0,3.5449077018110318
ID3153,3153,30,-1.0,1220.7295595816568,823.8094606748027,0.0,63286.391174316406,151,5.0,1,,57.89922480620155,25.0,0.0,255.0,7469.0,66.07829694778293,0.6908750892598029,0.7160311419740717,0.0,0.0,5.0,5.0,0.0,1.0,78.53981633974483,31.41592653589793,1.0,1.0,3.5449077018110318
ID3155,3155,30,-1.0,1217.41498673066,826.0191759088007,0.0,63705.50634765625,152,5.0,1,,49.263565891472865,38.0,0.0,210.0,6355.0,46.21240353314333,0.5609507540248957,0.7661835396065385,0.0,0.0,5.0,5.0,0.0,1.0,78.53981633974483,31.41592653589793,1.0,1.0,3.5449077018110318
ID3187,3187,30,-1.0,1262.7141490276147,764.1471493568623,0.0,342417.09661865234,817,5.0,1,,25.023255813953487,23.0,0.0,81.0,3228.0,17.400370468523377,0.44054634340873555,0.8795887843455398,0.0,0.0,5.0,5.0,0.0,1.0,78.53981633974483,31.41592653589793,1.0,1.0,3.5449077018110318
ID3157,3157,30,-1.0,1224.0441324326534,817.1803149728094,0.0,63705.50634765625,152,5.0,1,,11.023255813953488,0.0,0.0,132.0,1422.0,23.235702968532298,-0.22943990591958635,-0.2825182501421851,0.0,0.0,5.0,5.0,0.0,1.0,78.53981633974483,31.41592653589793,1.0,1.0,3.5449077018110318
ID3190,3190,30,-1.0,961.088019586916,529.9173345530961,0.0,316851.0710449219,756,5.0,1,,31.472868217054263,23.0,0.0,124.0,4060.0,30.03775684435025,0.337092050768086,0.5283065874402584,0.0,0.0,5.0,5.0,0.0,1.0,78.53981633974483,31.41592653589793,1.0,1.0,3.5449077018110318
ID3192,3192,30,-1.0,963.2977348209135,532.1270497870938,0.0,317270.1862182617,757,5.0,1,,16.015503875968992,10.0,0.0,73.0,2066.0,18.450941920453225,-0.008575239140561667,-0.015015456485354512,0.0,0.0,5.0,5.0,0.0,1.0,78.53981633974483,31.41592653589793,1.0,1.0,3.5449077018110318
ID3161,3161,30,-1.0,1271.553009963606,777.405440760849,0.0,199079.70733642578,475,5.0,1,,48.37984496124031,26.0,0.0,223.0,6241.0,51.775385349611604,0.5367879281828651,0.6527696109746715,0.0,0.0,5.0,5.0,0.0,1.0,78.53981633974483,31.41592653589793,1.0,1.0,3.5449077018110318
ID3194,3194,30,-1.0,968.8220229059079,524.3930464681016,0.0,317270.1862182617,757,5.0,1,,21.472868217054263,16.0,0.0,128.0,2770.0,22.383754404485185,0.2785316379866981,0.41797487460744404,0.0,0.0,5.0,5.0,0.0,1.0,78.53981633974483,31.41592653589793,1.0,1.0,3.5449077018110318
ID3163,3163,30,-1.0,1268.2384371126093,776.3005831438502,0.0,199498.82250976562,476,5.0,1,,31.852713178294575,20.0,0.0,165.0,4109.0,35.70081861263692,0.48284038377650246,0.5810418761031015,0.0,0.0,5.0,5.0,0.0,1.0,78.53981633974483,31.41592653589793,1.0,1.0,3.5449077018110318
ID3165,3165,30,-1.0,1280.391870899597,791.7685897818347,0.0,199498.82250976562,476,5.0,1,,15.031007751937985,0.0,0.0,205.0,1939.0,29.385885744822325,0.2334939498118621,0.19365018531135303,0.0,0.0,5.0,5.0,0.0,1.0,78.53981633974483,31.41592653589793,1.0,1.0,3.5449077018110318
ID3198,3198,30,-1.0,1048.3717713298288,448.1578708951777,0.0,342417.09661865234,817,5.0,1,,18.31782945736434,16.0,0.0,95.0,2363.0,15.519133601845756,0.4378166253332632,0.718828492686239,0.0,0.0,5.0,5.0,0.0,1.0,78.53981633974483,31.41592653589793,1.0,1.0,3.5449077018110318
ID3232,3232,31,-1.0,753.3747875911231,698.9605499539274,0.0,182734.21557617188,436,5.0,1,,31.6046511627907,17.0,0.0,138.0,4077.0,35.29372700208458,0.3793509289315094,0.4925494686609004,0.0,0.0,5.0,5.0,0.0,1.0,78.53981633974483,31.41592653589793,1.0,1.0,3.5449077018110318
ID3235,3235,31,-1.0,666.0910358482103,805.0268811858215,0.0,295476.19720458984,705,5.0,1,,43.116279069767444,39.0,0.0,140.0,5562.0,30.98175569664366,0.6493998452587421,1.095850919011159,0.0,0.0,5.0,5.0,0.0,1.0,78.53981633974483,31.41592653589793,1.0,1.0,3.5449077018110318
ID3204,3204,31,-1.0,726.8582047831495,642.6128114869837,0.0,0.0,0,5.0,1,,28.34108527131783,24.0,0.0,81.0,3656.0,19.25101301069594,0.4269931129054777,0.8810323962151079,0.0,0.0,5.0,5.0,0.0,1.0,78.53981633974483,31.41592653589793,1.0,1.0,3.5449077018110318
ID3237,3237,31,-1.0,666.0910358482103,801.7123083348248,0.0,295895.3123779297,706,5.0,1,,28.86046511627907,19.0,0.0,176.0,3723.0,34.86060280469884,0.717214057413926,0.6915487284276537,0.0,0.0,5.0,5.0,0.0,1.0,78.53981633974483,31.41592653589793,1.0,1.0,3.5449077018110318
ID3207,3207,31,-1.0,721.3339166981551,725.477132761901,0.0,88433.30157470703,211,5.0,1,,78.83720930232558,70.0,0.0,255.0,10170.0,57.123466978564615,0.7665658862245863,1.1977504120418752,0.0,0.0,5.0,5.0,0.0,1.0,78.53981633974483,31.41592653589793,1.0,1.0,3.5449077018110318
ID3239,3239,31,-1.0,667.1958934652091,817.1803149728094,0.0,295895.3123779297,706,5.0,1,,22.65891472868217,13.0,0.0,126.0,2923.0,26.276919567140748,0.583633523726088,0.6355945900544863,0.0,0.0,5.0,5.0,0.0,1.0,78.53981633974483,31.41592653589793,1.0,1.0,3.5449077018110318
ID3209,3209,31,-1.0,718.0193438471583,715.5334142089108,0.0,88852.41674804688,212,5.0,1,,45.968992248062015,25.0,0.0,255.0,5930.0,55.62386768292683,0.7766395736727971,0.7225268325102265,0.0,0.0,5.0,5.0,0.0,1.0,78.53981633974483,31.41592653589793,1.0,1.0,3.5449077018110318
ID3242,3242,31,-1.0,690.3979034221859,797.2928778668293,0.0,342417.09661865234,817,5.0,1,,19.666666666666668,18.0,0.0,60.0,2537.0,14.346892811104897,0.24892329345531317,0.546427655821348,0.0,0.0,5.0,5.0,0.0,1.0,78.53981633974483,31.41592653589793,1.0,1.0,3.5449077018110318
ID3211,3211,31,-1.0,721.3339166981551,729.8965632298965,0.0,88852.41674804688,212,5.0,1,,51.02325581395349,37.0,0.0,207.0,6582.0,51.117582762116804,0.8118690972984844,0.8945138052853117,0.0,0.0,5.0,5.0,0.0,1.0,78.53981633974483,31.41592653589793,1.0,1.0,3.5449077018110318
ID3245,3245,31,-1.0,684.8736153371915,778.510298377848,0.0,342417.09661865234,817,5.0,1,,21.511627906976745,19.0,0.0,65.0,2775.0,15.656027333281747,0.35592956027804745,0.7213543103994098,0.0,0.0,5.0,5.0,0.0,1.0,78.53981633974483,31.41592653589793,1.0,1.0,3.5449077018110318
ID3215,3215,31,-1.0,710.2853405281661,641.5079538699847,0.0,160521.11138916016,383,5.0,1,,58.62015503875969,51.0,0.0,169.0,7562.0,44.300147043782765,0.7068865585276883,1.0960159032671146,0.0,0.0,5.0,5.0,0.0,1.0,78.53981633974483,31.41592653589793,1.0,1.0,3.5449077018110318
ID3248,3248,31,-1.0,806.4079532070701,793.9783050158326,0.0,342417.09661865234,817,5.0,1,,28.5968992248062,27.0,0.0,88.0,3689.0,18.336916052326725,0.424405502449464,0.9293301072190991,0.0,0.0,5.0,5.0,0.0,1.0,78.53981633974483,31.41592653589793,1.0,1.0,3.5449077018110318
ID3217,3217,31,-1.0,709.1804829111672,638.193381018988,0.0,160940.2265625,384,5.0,1,,39.1937984496124,26.0,0.0,197.0,5056.0,41.57618712965765,0.3653549064066368,0.5045126739933005,0.0,0.0,5.0,5.0,0.0,1.0,78.53981633974483,31.41592653589793,1.0,1.0,3.5449077018110318
ID3219,3219,31,-1.0,708.0756252941683,648.1370995719781,0.0,160940.2265625,384,5.0,1,,33.95348837209303,21.0,0.0,170.0,4380.0,36.15804294714306,0.40449445388944116,0.5408813691863158,0.0,0.0,5.0,5.0,0.0,1.0,78.53981633974483,31.41592653589793,1.0,1.0,3.5449077018110318
ID3223,3223,31,-1.0,742.3262114211342,574.1116392330521,0.0,342417.09661865234,817,5.0,1,,21.100775193798448,18.0,0.0,75.0,2722.0,18.045015309480345,0.3153121429700521,0.5606386288457129,0.0,0.0,5.0,5.0,0.0,1.0,78.53981633974483,31.41592653589793,1.0,1.0,3.5449077018110318
ID3225,3225,31,-1.0,556.7101317653193,385.1809867262406,0.0,342417.09661865234,817,5.0,1,,32.565891472868216,32.0,0.0,117.0,4201.0,26.658970394960487,0.5602638343898397,0.8772919447754681,0.0,0.0,5.0,5.0,0.0,1.0,78.53981633974483,31.41592653589793,1.0,1.0,3.5449077018110318
ID3228,3228,31,-1.0,750.0602147401264,694.5411194859317,0.0,182315.10040283203,435,5.0,1,,49.775193798449614,44.0,0.0,170.0,6421.0,35.49587130702614,0.5770708683637154,1.026226099031412,0.0,0.0,5.0,5.0,0.0,1.0,78.53981633974483,31.41592653589793,1.0,1.0,3.5449077018110318
ID3230,3230,31,-1.0,746.7456418891296,689.0168314009373,0.0,182734.21557617188,436,5.0,1,,31.612403100775193,15.0,0.0,217.0,4078.0,42.04579164388797,0.4268998229087082,0.449880804964855,0.0,0.0,5.0,5.0,0.0,1.0,78.53981633974483,31.41592653589793,1.0,1.0,3.5449077018110318
ID3296,3296,32,-1.0,698.1319067411782,731.0014208468954,0.0,335711.25384521484,801,5.0,1,,35.031007751937985,33.0,0.0,124.0,4519.0,21.905313990165755,0.6552863602422028,1.266167423960795,0.0,0.0,5.0,5.0,0.0,1.0,78.53981633974483,31.41592653589793,1.0,1.0,3.5449077018110318
ID3298,3298,32,-1.0,729.0679200171473,733.2111360808932,0.0,336130.3690185547,802,5.0,1,,21.666666666666668,15.0,0.0,83.0,2795.0,21.276943702828493,0.38954430451715616,0.570948996014646,0.0,0.0,5.0,5.0,0.0,1.0,78.53981633974483,31.41592653589793,1.0,1.0,3.5449077018110318
ID3266,3266,32,-1.0,595.3801483602808,479.0938841711468,0.0,209138.47149658203,499,5.0,1,,38.06976744186046,34.0,0.0,127.0,4911.0,29.248981298102407,0.39241932382449757,0.7336346211686022,0.0,0.0,5.0,5.0,0.0,1.0,78.53981633974483,31.41592653589793,1.0,1.0,3.5449077018110318
ID3300,3300,32,-1.0,722.438774315154,727.6868479958987,0.0,336130.3690185547,802,5.0,1,,13.0,5.0,0.0,139.0,1677.0,22.318014024549765,0.134501566670535,0.1381147446685872,0.0,0.0,5.0,5.0,0.0,1.0,78.53981633974483,31.41592653589793,1.0,1.0,3.5449077018110318
ID3268,3268,32,-1.0,589.8558602752863,476.884168937149,0.0,209557.58666992188,500,5.0,1,,19.11627906976744,14.0,0.0,79.0,2466.0,19.456131708191933,0.03541708542713566,0.06721626123238761,0.0,0.0,5.0,5.0,0.0,1.0,78.53981633974483,31.41592653589793,1.0,1.0,3.5449077018110318
ID3270,3270,32,-1.0,599.7995788282764,482.4084570221435,0.0,209557.58666992188,500,5.0,1,,17.108527131782946,12.0,0.0,68.0,2207.0,19.129999473208596,0.015134064581713728,0.02666612077947098,0.0,0.0,5.0,5.0,0.0,1.0,78.53981633974483,31.41592653589793,1.0,1.0,3.5449077018110318
ID3304,3304,32,-1.0,175.5342539006998,1034.8372655215921,0.0,211234.04736328125,504,5.0,1,,18.410852713178294,16.0,0.0,68.0,2375.0,13.821751654491901,0.27868723353224817,0.5806220959481541,0.0,0.0,5.0,5.0,0.0,1.0,78.53981633974483,31.41592653589793,1.0,1.0,3.5449077018110318
ID3274,3274,32,-1.0,646.20359874223,538.7561954890873,0.0,342417.09661865234,817,5.0,1,,14.224806201550388,13.0,0.0,50.0,1835.0,10.240270008401204,0.20211514840013586,0.46710846842163206,0.0,0.0,5.0,5.0,0.0,1.0,78.53981633974483,31.41592653589793,1.0,1.0,3.5449077018110318
ID3277,3277,32,-1.0,543.4518403613325,250.38835745237512,0.0,342417.09661865234,817,5.0,1,,16.92248062015504,15.0,0.0,54.0,2183.0,10.98977678565173,0.28298159014389634,0.6792707401838006,0.0,0.0,5.0,5.0,0.0,1.0,78.53981633974483,31.41592653589793,1.0,1.0,3.5449077018110318
ID3279,3279,32,-1.0,697.0270491241793,812.7608845048138,0.0,265719.01989746094,634,5.0,1,,37.48837209302326,33.0,0.0,156.0,4836.0,29.00326390012795,0.5453505908089027,0.9122806614105798,0.0,0.0,5.0,5.0,0.0,1.0,78.53981633974483,31.41592653589793,1.0,1.0,3.5449077018110318
ID3281,3281,32,-1.0,690.3979034221859,813.8657421218127,0.0,266138.1350708008,635,5.0,1,,34.201550387596896,30.0,0.0,110.0,4412.0,23.930687622329607,0.5493916984064422,1.0135413682942658,0.0,0.0,5.0,5.0,0.0,1.0,78.53981633974483,31.41592653589793,1.0,1.0,3.5449077018110318
ID3250,3250,32,-1.0,769.9476518461065,979.5943846716474,0.0,0.0,0,5.0,1,,23.7984496124031,21.0,0.0,92.0,3070.0,14.543780804093528,0.2349848906073553,0.6227011021273307,0.0,0.0,5.0,5.0,0.0,1.0,78.53981633974483,31.41592653589793,1.0,1.0,3.5449077018110318
ID3283,3283,32,-1.0,703.6561948261726,811.656026887815,0.0,266138.1350708008,635,5.0,1,,14.589147286821705,12.0,0.0,91.0,1882.0,16.109300692409015,0.22629128646452948,0.3342392171819324,0.0,0.0,5.0,5.0,0.0,1.0,78.53981633974483,31.41592653589793,1.0,1.0,3.5449077018110318
ID3252,3252,32,-1.0,753.3747875911231,964.1263780336627,0.0,15088.146240234375,36,5.0,1,,46.70542635658915,47.0,0.0,138.0,6025.0,30.690084692773535,0.6504738719290852,1.1995557939417871,0.0,0.0,5.0,5.0,0.0,1.0,78.53981633974483,31.41592653589793,1.0,1.0,3.5449077018110318
ID3254,3254,32,-1.0,744.5359266551319,957.4972323316694,0.0,15507.261413574219,37,5.0,1,,30.589147286821706,25.0,0.0,112.0,3946.0,27.2888520058732,0.706391134608827,0.9280657687260192,0.0,0.0,5.0,5.0,0.0,1.0,78.53981633974483,31.41592653589793,1.0,1.0,3.5449077018110318
ID3286,3286,32,-1.0,699.2367643581772,780.7200136118457,0.0,342417.09661865234,817,5.0,1,,19.24031007751938,17.0,0.0,96.0,2482.0,13.675808473472447,0.22446483982916862,0.5158115425816792,0.0,0.0,5.0,5.0,0.0,1.0,78.53981633974483,31.41592653589793,1.0,1.0,3.5449077018110318
ID3256,3256,32,-1.0,758.8990756761176,971.8603813526549,0.0,15507.261413574219,37,5.0,1,,31.45736434108527,22.0,0.0,147.0,4058.0,30.2329517434873,0.7627416276565756,0.9004519975049461,0.0,0.0,5.0,5.0,0.0,1.0,78.53981633974483,31.41592653589793,1.0,1.0,3.5449077018110318
ID3289,3289,32,-1.0,425.2320753424506,940.9243680766859,0.0,126153.66717529297,301,5.0,1,,35.6124031007752,33.0,0.0,121.0,4594.0,19.78055787790729,0.09957862124259473,0.32608630646490183,0.0,0.0,5.0,5.0,0.0,1.0,78.53981633974483,31.41592653589793,1.0,1.0,3.5449077018110318
ID3291,3291,32,-1.0,419.7077872574561,939.8195104596871,0.0,126572.78234863281,302,5.0,1,,28.775193798449614,25.0,0.0,107.0,3712.0,24.74249896119956,0.6161163288062704,0.8867369237794726,0.0,0.0,5.0,5.0,0.0,1.0,78.53981633974483,31.41592653589793,1.0,1.0,3.5449077018110318
ID3259,3259,32,-1.0,800.8836651220756,845.9066130147808,0.0,105617.02368164062,252,5.0,1,,42.84496124031008,25.0,0.0,184.0,5527.0,44.08433849105369,0.5525402684024759,0.6917775797220997,0.0,0.0,5.0,5.0,0.0,1.0,78.53981633974483,31.41592653589793,1.0,1.0,3.5449077018110318
ID3293,3293,32,-1.0,432.96607866144285,944.2389409276826,0.0,126572.78234863281,302,5.0,1,,31.325581395348838,24.0,0.0,134.0,4041.0,28.55043858865659,0.6054089264403121,0.8275219043265197,0.0,0.0,5.0,5.0,0.0,1.0,78.53981633974483,31.41592653589793,1.0,1.0,3.5449077018110318
ID3261,3261,32,-1.0,796.4642346540801,845.9066130147808,0.0,106036.13885498047,253,5.0,1,,26.294573643410853,18.0,0.0,109.0,3392.0,27.47311273681256,0.010102274090761651,0.01914441320038341,0.0,0.0,5.0,5.0,0.0,1.0,78.53981633974483,31.41592653589793,1.0,1.0,3.5449077018110318
ID3263,3263,32,-1.0,803.0933803560735,834.8580368447917,0.0,106036.13885498047,253,5.0,1,,13.844961240310077,1.0,0.0,107.0,1786.0,25.103675531559084,-0.08420436080822986,-0.1014192604305188,0.0,0.0,5.0,5.0,0.0,1.0,78.53981633974483,31.41592653589793,1.0,1.0,3.5449077018110318
ID3328,3328,33,-1.0,776.5767975480999,1097.8141496905293,0.0,202851.74389648438,484,5.0,1,,42.03875968992248,20.0,0.0,255.0,5423.0,51.45240566241401,0.6040301981666186,0.6153473235670851,0.0,0.0,5.0,5.0,0.0,1.0,78.53981633974483,31.41592653589793,1.0,1.0,3.5449077018110318
ID3362,3362,33,-1.0,1239.5121390706379,354.24497345027146,0.0,342417.09661865234,817,5.0,1,,23.643410852713178,20.0,0.0,99.0,3050.0,20.618862135801624,0.23189499459407778,0.43171099925351736,0.0,0.0,5.0,5.0,0.0,1.0,78.53981633974483,31.41592653589793,1.0,1.0,3.5449077018110318
ID3332,3332,33,-1.0,1094.7757912437824,805.0268811858215,0.0,342417.09661865234,817,5.0,1,,29.6046511627907,30.0,0.0,85.0,3819.0,20.30717953576209,0.4740239343192022,0.9376398796309794,0.0,0.0,5.0,5.0,0.0,1.0,78.53981633974483,31.41592653589793,1.0,1.0,3.5449077018110318
ID3364,3364,33,-1.0,800.8836651220756,494.56189080913146,0.0,342417.09661865234,817,5.0,1,,23.023255813953487,21.0,0.0,68.0,2970.0,18.450722003267533,0.4020444598452719,0.7156417442875618,0.0,0.0,5.0,5.0,0.0,1.0,78.53981633974483,31.41592653589793,1.0,1.0,3.5449077018110318
ID3334,3334,33,-1.0,1019.6454732878574,915.5126428857112,0.0,342417.09661865234,817,5.0,1,,35.565891472868216,27.0,0.0,171.0,4588.0,29.859003290789527,-0.057185478773682276,-0.14449335880540962,0.0,0.0,5.0,5.0,0.0,1.0,78.53981633974483,31.41592653589793,1.0,1.0,3.5449077018110318
ID3336,3336,33,-1.0,495.94296283038,1144.218169604483,0.0,228417.76947021484,545,5.0,1,,54.87596899224806,32.0,0.0,210.0,7079.0,58.16463806406803,0.6332027403059988,0.7315699422090692,0.0,0.0,5.0,5.0,0.0,1.0,78.53981633974483,31.41592653589793,1.0,1.0,3.5449077018110318
ID3338,3338,33,-1.0,493.73324759638217,1144.218169604483,0.0,228836.8846435547,546,5.0,1,,41.74418604651163,33.0,0.0,187.0,5385.0,38.85012851285201,0.43394366376727844,0.6503315074980573,0.0,0.0,5.0,5.0,0.0,1.0,78.53981633974483,31.41592653589793,1.0,1.0,3.5449077018110318
ID3307,3307,33,-1.0,832.9245360150437,640.4030962529858,0.0,0.0,0,5.0,1,,38.1937984496124,37.0,0.0,124.0,4927.0,21.012302021442338,0.476933772242078,1.1739409932219473,0.0,0.0,5.0,5.0,0.0,1.0,78.53981633974483,31.41592653589793,1.0,1.0,3.5449077018110318
ID3340,3340,33,-1.0,502.5721085323734,1138.6938815194885,0.0,228836.8846435547,546,5.0,1,,22.093023255813954,7.0,0.0,171.0,2850.0,37.97870329631816,0.17454795358365366,0.17289762264657638,0.0,0.0,5.0,5.0,0.0,1.0,78.53981633974483,31.41592653589793,1.0,1.0,3.5449077018110318
ID3309,3309,33,-1.0,864.9654069080118,619.4108015300068,0.0,10058.76416015625,24,5.0,1,,58.98449612403101,30.0,0.0,255.0,7609.0,67.07073976595115,0.6425129037878765,0.6880307318454666,0.0,0.0,5.0,5.0,0.0,1.0,78.53981633974483,31.41592653589793,1.0,1.0,3.5449077018110318
ID3311,3311,33,-1.0,859.4411188230171,630.4593776999958,0.0,10477.879333496094,25,5.0,1,,37.51162790697674,26.0,0.0,152.0,4839.0,38.902344940382,0.8235222487646259,0.8709323000956322,0.0,0.0,5.0,5.0,0.0,1.0,78.53981633974483,31.41592653589793,1.0,1.0,3.5449077018110318
ID3313,3313,33,-1.0,867.1751221420095,613.8865134450124,0.0,10477.879333496094,25,5.0,1,,36.007751937984494,21.0,0.0,216.0,4645.0,42.66594370148146,0.686785852601812,0.687236216556495,0.0,0.0,5.0,5.0,0.0,1.0,78.53981633974483,31.41592653589793,1.0,1.0,3.5449077018110318
ID3345,3345,33,-1.0,1016.3309004368606,588.4747882540377,0.0,93462.68365478516,223,5.0,1,,67.15503875968992,39.0,0.0,254.0,8663.0,68.2236040545631,0.7396423126705207,0.8370197915537547,0.0,0.0,5.0,5.0,0.0,1.0,78.53981633974483,31.41592653589793,1.0,1.0,3.5449077018110318
ID3347,3347,33,-1.0,1016.3309004368606,592.8942187220332,0.0,93881.798828125,224,5.0,1,,43.74418604651163,25.0,0.0,255.0,5643.0,46.76324663092926,0.5787263820853745,0.6858230772384846,0.0,0.0,5.0,5.0,0.0,1.0,78.53981633974483,31.41592653589793,1.0,1.0,3.5449077018110318
ID3349,3349,33,-1.0,1021.8551885218552,585.160215403041,0.0,93881.798828125,224,5.0,1,,40.85271317829457,26.0,0.0,180.0,5270.0,41.67116448591763,0.5426475660046415,0.6897098126534895,0.0,0.0,5.0,5.0,0.0,1.0,78.53981633974483,31.41592653589793,1.0,1.0,3.5449077018110318
ID3318,3318,33,-1.0,818.561386994058,918.8272157367079,0.0,82146.57397460938,196,5.0,1,,64.55813953488372,59.0,0.0,241.0,8328.0,47.374325024338106,0.7078115604713852,1.1295765531526734,0.0,0.0,5.0,5.0,0.0,1.0,78.53981633974483,31.41592653589793,1.0,1.0,3.5449077018110318
ID3320,3320,33,-1.0,817.4565293770592,912.1980700347145,0.0,82565.68914794922,197,5.0,1,,48.81395348837209,40.0,0.0,183.0,6297.0,38.6997188785535,0.5233440747828789,0.8666734097840293,0.0,0.0,5.0,5.0,0.0,1.0,78.53981633974483,31.41592653589793,1.0,1.0,3.5449077018110318
ID3352,3352,33,-1.0,1606.3248679142719,421.64128808720415,0.0,233447.15155029297,557,5.0,1,,33.3875968992248,33.0,0.0,109.0,4307.0,23.481811471035204,0.4434778268217374,0.8736658370244749,0.0,0.0,5.0,5.0,0.0,1.0,78.53981633974483,31.41592653589793,1.0,1.0,3.5449077018110318
ID3322,3322,33,-1.0,824.0856750790525,922.1417885877046,0.0,82565.68914794922,197,5.0,1,,31.906976744186046,23.0,0.0,160.0,4116.0,34.07813674586343,0.5138177480482018,0.6355874583220363,0.0,0.0,5.0,5.0,0.0,1.0,78.53981633974483,31.41592653589793,1.0,1.0,3.5449077018110318
ID3354,3354,33,-1.0,998.6531785648782,458.10158944816783,0.0,225483.96325683594,538,5.0,1,,59.74418604651163,22.0,0.0,255.0,7707.0,70.46932833130394,0.6930940194909906,0.6941232444064644,0.0,0.0,5.0,5.0,0.0,1.0,78.53981633974483,31.41592653589793,1.0,1.0,3.5449077018110318
ID3324,3324,33,-1.0,773.2622246971032,1092.289861605535,0.0,202432.62872314453,483,5.0,1,,64.33333333333333,56.0,0.0,197.0,8299.0,45.431152124212446,0.6198395071373564,1.0837261829372475,0.0,0.0,5.0,5.0,0.0,1.0,78.53981633974483,31.41592653589793,1.0,1.0,3.5449077018110318
ID3356,3356,33,-1.0,999.7580361818772,453.6821589801722,0.0,225903.07843017578,539,5.0,1,,36.35658914728682,16.0,0.0,227.0,4690.0,46.94025432158622,0.31524765870865656,0.3712889482558767,0.0,0.0,5.0,5.0,0.0,1.0,78.53981633974483,31.41592653589793,1.0,1.0,3.5449077018110318
ID3326,3326,33,-1.0,765.528221378111,1085.6607159035416,0.0,202851.74389648438,484,5.0,1,,34.17054263565891,14.0,0.0,234.0,4408.0,46.82349237278758,0.7692115550071199,0.6345766691340743,0.0,0.0,5.0,5.0,0.0,1.0,78.53981633974483,31.41592653589793,1.0,1.0,3.5449077018110318
ID3358,3358,33,-1.0,1000.8628937988763,463.6258775331623,0.0,225903.07843017578,539,5.0,1,,35.713178294573645,17.0,0.0,192.0,4607.0,41.422026484719154,0.4380769542089456,0.5252855281852976,0.0,0.0,5.0,5.0,0.0,1.0,78.53981633974483,31.41592653589793,1.0,1.0,3.5449077018110318
ID3393,3393,34,-1.0,1130.131234987747,693.4362618689329,0.0,342417.09661865234,817,5.0,1,,21.635658914728683,20.0,0.0,90.0,2791.0,16.011684202723703,0.495954754259607,0.8959560478507993,0.0,0.0,5.0,5.0,0.0,1.0,78.53981633974483,31.41592653589793,1.0,1.0,3.5449077018110318
ID3395,3395,34,-1.0,1174.325539667703,968.5458085016583,0.0,342417.09661865234,817,5.0,1,,22.31782945736434,21.0,0.0,85.0,2879.0,18.445013086250114,0.17696996318516792,0.3638623863945102,0.0,0.0,5.0,5.0,0.0,1.0,78.53981633974483,31.41592653589793,1.0,1.0,3.5449077018110318
ID3397,3397,34,-1.0,1145.5992416257316,676.8633976139495,0.0,158844.65069580078,379,5.0,1,,67.21705426356588,38.0,0.0,253.0,8671.0,70.83750785692453,0.7801068731548765,0.8316761071436425,0.0,0.0,5.0,5.0,0.0,1.0,78.53981633974483,31.41592653589793,1.0,1.0,3.5449077018110318
ID3399,3399,34,-1.0,1135.6555230727415,672.4439671459538,0.0,159263.76586914062,380,5.0,1,,39.58139534883721,23.0,0.0,245.0,5106.0,43.697950766171985,0.7749499717789522,0.7909473492820353,0.0,0.0,5.0,5.0,0.0,1.0,78.53981633974483,31.41592653589793,1.0,1.0,3.5449077018110318
ID3401,3401,34,-1.0,1151.1235297107262,679.0731128479473,0.0,159263.76586914062,380,5.0,1,,40.49612403100775,22.0,0.0,226.0,5224.0,46.45951262103914,0.6664212001615328,0.6971605861749116,0.0,0.0,5.0,5.0,0.0,1.0,78.53981633974483,31.41592653589793,1.0,1.0,3.5449077018110318
ID3404,3404,34,-1.0,1535.6139804263423,654.7662452739714,0.0,299248.23376464844,714,5.0,1,,31.968992248062015,16.0,0.0,197.0,4124.0,40.23834031129704,0.5341518119946138,0.5532421384015528,0.0,0.0,5.0,5.0,0.0,1.0,78.53981633974483,31.41592653589793,1.0,1.0,3.5449077018110318
ID3406,3406,34,-1.0,1542.243126128336,650.3468148059759,0.0,299667.3489379883,715,5.0,1,,18.3953488372093,9.0,0.0,134.0,2373.0,25.69302513713935,0.2697333874100796,0.3041900111586832,0.0,0.0,5.0,5.0,0.0,1.0,78.53981633974483,31.41592653589793,1.0,1.0,3.5449077018110318
ID3408,3408,34,-1.0,1532.2994075753456,653.6613876569727,0.0,299667.3489379883,715,5.0,1,,26.147286821705425,22.0,0.0,135.0,3373.0,27.15726789668657,0.22659349810123125,0.3557274145100778,0.0,0.0,5.0,5.0,0.0,1.0,78.53981633974483,31.41592653589793,1.0,1.0,3.5449077018110318
ID3412,3412,34,-1.0,1479.2662419593987,696.7508347199297,0.0,342417.09661865234,817,5.0,1,,19.968992248062015,15.0,0.0,78.0,2576.0,17.829898513669455,0.5645080787539191,0.8082200579389847,0.0,0.0,5.0,5.0,0.0,1.0,78.53981633974483,31.41592653589793,1.0,1.0,3.5449077018110318
ID3415,3415,34,-1.0,1501.3633942993765,668.0245366779583,0.0,342417.09661865234,817,5.0,1,,19.372093023255815,17.0,0.0,85.0,2499.0,15.793130314040948,0.5347615594190399,0.8547863741567363,0.0,0.0,5.0,5.0,0.0,1.0,78.53981633974483,31.41592653589793,1.0,1.0,3.5449077018110318
ID3418,3418,34,-1.0,1369.885337876508,523.2881888511027,0.0,262785.21368408203,627,5.0,1,,38.31782945736434,35.0,0.0,127.0,4943.0,26.624115154347155,0.5523233258009916,1.0241578878544833,0.0,0.0,5.0,5.0,0.0,1.0,78.53981633974483,31.41592653589793,1.0,1.0,3.5449077018110318
ID3420,3420,34,-1.0,1368.7804802595087,523.2881888511027,0.0,263204.3288574219,628,5.0,1,,30.015503875968992,24.0,0.0,102.0,3872.0,26.479055548715063,0.568475186340138,0.8216881116675838,0.0,0.0,5.0,5.0,0.0,1.0,78.53981633974483,31.41592653589793,1.0,1.0,3.5449077018110318
ID3422,3422,34,-1.0,1358.8367617065187,524.3930464681016,0.0,263204.3288574219,628,5.0,1,,17.387596899224807,9.0,0.0,114.0,2243.0,21.464472855424155,0.2599542252048213,0.33426541569898793,0.0,0.0,5.0,5.0,0.0,1.0,78.53981633974483,31.41592653589793,1.0,1.0,3.5449077018110318
ID3426,3426,34,-1.0,1026.2746189898508,576.3213544670498,0.0,342417.09661865234,817,5.0,1,,26.914728682170544,22.0,0.0,88.0,3472.0,18.9064435972534,0.5839704335355149,1.0496728083161744,0.0,0.0,5.0,5.0,0.0,1.0,78.53981633974483,31.41592653589793,1.0,1.0,3.5449077018110318
ID3429,3429,34,-1.0,1305.8035960905718,581.8456425520443,0.0,342417.09661865234,817,5.0,1,,19.627906976744185,19.0,0.0,61.0,2532.0,15.400928222554612,0.37405122209954317,0.693881398615431,0.0,0.0,5.0,5.0,0.0,1.0,78.53981633974483,31.41592653589793,1.0,1.0,3.5449077018110318
ID3367,3367,34,-1.0,1280.391870899597,879.0523415247476,0.0,0.0,0,5.0,1,,40.798449612403104,38.0,0.0,104.0,5263.0,19.45322107203636,0.40476782040670295,1.2086027030066935,0.0,0.0,5.0,5.0,0.0,1.0,78.53981633974483,31.41592653589793,1.0,1.0,3.5449077018110318
ID3369,3369,34,-1.0,1080.4126422227966,679.0731128479473,0.0,85918.61053466797,205,5.0,1,,69.56589147286822,60.0,0.0,255.0,8974.0,55.97848986458441,0.6124372109937597,0.9440259449630203,0.0,0.0,5.0,5.0,0.0,1.0,78.53981633974483,31.41592653589793,1.0,1.0,3.5449077018110318
ID3371,3371,34,-1.0,1080.4126422227966,670.2342519119561,0.0,86337.72570800781,206,5.0,1,,49.945736434108525,20.0,0.0,255.0,6443.0,59.89930483704497,0.8209991197811706,0.7518645181032322,0.0,0.0,5.0,5.0,0.0,1.0,78.53981633974483,31.41592653589793,1.0,1.0,3.5449077018110318
ID3373,3373,34,-1.0,1074.8883541378023,691.2265466349351,0.0,86337.72570800781,206,5.0,1,,52.992248062015506,33.0,0.0,255.0,6836.0,63.01791611865615,0.8158213663152653,0.7556144505374821,0.0,0.0,5.0,5.0,0.0,1.0,78.53981633974483,31.41592653589793,1.0,1.0,3.5449077018110318
ID3377,3377,34,-1.0,1022.9600461388541,729.8965632298965,0.0,156749.07482910156,374,5.0,1,,52.83720930232558,40.0,0.0,178.0,6816.0,48.522512606533084,0.6448203692543482,0.8537817315887029,0.0,0.0,5.0,5.0,0.0,1.0,78.53981633974483,31.41592653589793,1.0,1.0,3.5449077018110318
ID3379,3379,34,-1.0,1018.5406156708585,732.1062784638943,0.0,157168.1900024414,375,5.0,1,,28.891472868217054,10.0,0.0,118.0,3727.0,35.70566313408787,0.1994123414291161,0.26905811450846095,0.0,0.0,5.0,5.0,0.0,1.0,78.53981633974483,31.41592653589793,1.0,1.0,3.5449077018110318
ID3381,3381,34,-1.0,1032.9037646918441,728.7917056128977,0.0,157168.1900024414,375,5.0,1,,2.953488372093023,0.0,0.0,27.0,381.0,5.772862787858538,-0.5992749488100433,-1.5302192335212377,0.0,0.0,5.0,5.0,0.0,1.0,78.53981633974483,31.41592653589793,1.0,1.0,3.5449077018110318
ID3384,3384,34,-1.0,1250.560715240627,847.0114706317796,0.0,274101.3233642578,654,5.0,1,,44.372093023255815,24.0,0.0,252.0,5724.0,46.819645610750605,0.4781585654563099,0.613144312216726,0.0,0.0,5.0,5.0,0.0,1.0,78.53981633974483,31.41592653589793,1.0,1.0,3.5449077018110318
ID3386,3386,34,-1.0,1250.560715240627,841.4871825467851,0.0,274520.43853759766,655,5.0,1,,52.46511627906977,47.0,0.0,169.0,6768.0,33.91350360467326,0.36447954702655755,0.8264833499078945,0.0,0.0,5.0,5.0,0.0,1.0,78.53981633974483,31.41592653589793,1.0,1.0,3.5449077018110318
ID3388,3388,34,-1.0,1260.504433793617,844.8017553977818,0.0,274520.43853759766,655,5.0,1,,16.782945736434108,9.0,0.0,114.0,2165.0,25.020292152168114,0.07801805392871258,0.09709008661468753,0.0,0.0,5.0,5.0,0.0,1.0,78.53981633974483,31.41592653589793,1.0,1.0,3.5449077018110318
ID3391,3391,34,-1.0,1262.7141490276147,786.2443016968404,0.0,342417.09661865234,817,5.0,1,,21.767441860465116,17.0,0.0,101.0,2808.0,18.96605175533502,-0.026259797967501074,-0.06190257816346838,0.0,0.0,5.0,5.0,0.0,1.0,78.53981633974483,31.41592653589793,1.0,1.0,3.5449077018110318
